ID,name,region,Published,End
0,Fifth Street Bridge Maintenance Project,Minnesota,2021-06-28,2021-07-15
1,to Remove and Replace Gas Furnaces,Ohio,2021-06-28,2021-07-16
2,Vehicle Destruction For Salvage,Texas,2021-06-28,2021-07-20
3,THE PURCHASE OF REAL ESTATE,Ohio,2021-06-28,2021-07-09
4,Aggregate Surfacing-Waseca County (South),Minnesota,2021-06-28,2021-07-08
5,Aggregate Surfacing - Waseca County (North),Minnesota,2021-06-28,2021-07-08
6,Elevator Replacement at Apthorp Tower,Ohio,2021-06-28,2021-07-20
7,to provide Eviction Services as required for our SMHA units located throughout Stark County,Ohio,2021-06-28,2021-07-12
8,Temporary Staffing,Maine,2021-06-28,2021-07-09
9,Acquisition and Implementation of an Immunization Information System,South Dakota,2021-06-28,2021-08-13
10,Story County Justice Center HVAC Equipment Replacement Phase 2 and 3,Iowa,2021-06-28,2021-07-20
11,Curtainwall and Storefront scope of work for the upcoming Hotel and Conference Center project at the University of Virginia,Virginia,2021-06-28,2021-07-20
12,HAYESVILLE FIRE DEPARTMNT FIRE STATION ADDITION CONSTRUCTION PROJECT,Ohio,2021-06-28,2021-07-19
13,Customer Relationship Management (CRM),Iowa,2021-06-28,2021-07-09
14,Regional Communications and Outreach Services,California,2021-06-28,2021-07-19
15,JonesZylon Food Equipment,Iowa,2021-06-28,2021-07-13
16,T.H 317 Price West Rd. Widening & Resurfacing Phase 1,Ohio,2021-06-28,2021-07-13
17,Pavement 2021 project,Maine,2021-06-28,2021-07-14
18,Sidewalk and Drainage Improvements,Maine,2021-06-28,2021-07-15
19,Removal of Used Vending Equipment for the Dept. of Blind,Iowa,2021-06-28,2021-07-12
20,Pharmacy Board Toxicology Screening Services,Iowa,2021-06-28,2021-07-12
21,Engineering Services,Maine,2021-06-28,2021-07-19
22,Crooked Spruce Drive Tax Sale,Maine,2021-06-28,2021-07-15
23,Fortigate 601 firewalls,Maine,2021-06-28,2021-07-09
24,Legal Services,Maine,2021-06-28,2021-07-19
25,Oak Grove Elementary School Pedestrian Improvement Project Replacement,Virginia,2021-06-28,2021-07-19
26,Graphic Design Services,Maine,2021-06-28,2021-07-13
27,Financing of Three (3) 31 Yard Side Loader Refuse Collection Trucks and Two (2) Rear Load Refuse Collection Trucks,Massachusetts,2021-06-28,2021-07-19
28,Athletic Training Services,Maine,2021-06-28,2021-07-13
29,MCINSTOSH PLAYGROUND SURFACE INSTALLATION RE-BID 2,Ohio,2021-06-28,2021-07-15
30,construction of N Market Street Water Main,Ohio,2021-06-28,2021-07-19
31,Architectural and Engineering Services,Massachusetts,2021-06-28,2021-07-19
32,Ophir Elementary School Generators,California,2021-06-28,2021-07-16
33,2021 Girard Street Paving Program,Ohio,2021-06-28,2021-07-15
34,Yelm Hwy and Meridian Intersection Improvements,Washington,2021-06-28,2021-07-16
35,GLTC Employee Insurance Coverage,Virginia,2021-06-28,2021-07-16
36,ROUTE 20 WATERLINE REPLACEMENT,Ohio,2021-06-28,2021-07-16
37,THIRD-PARTY BUILDING PLAN  REVIEW & INSPECTION SERVICES,Washington,2021-06-28,2021-07-15
38,Endodontic Services,California,2021-06-28,2021-07-15
39,Construction of Water Tank Painting,Ohio,2021-06-28,2021-07-12
40,ON-CALL ELECTRICAL SERVICES,Washington,2021-06-28,2021-07-15
41,Food Service Management Companies,Louisiana,2021-06-28,2021-07-12
42,Public Wi-Fi,Indiana,2021-06-28,2021-07-09
43,Term Contract: Portable Play Yards,Florida,2021-06-28,2021-07-06
44,2021 Pavement Slurry Seal and Resurfacing Project (WPR021)(Rebid),California,2021-06-28,2021-07-15
45,Repair/Replacement Glass for COT Vehicles - rebid,Ohio,2021-06-28,2021-07-13
46,Common Reed Control at 4 Forest Preserves,Illinois,2021-06-28,2021-07-15
47,Food and Beverage Items,Louisiana,2021-06-28,2021-07-06
48,Certified Remanufactured High Density Landfill Compactor,Virginia,2021-06-28,2021-07-15
49,RFP for Airport Improvements,New Hampshire,2021-06-28,2021-07-15
50,OEM Kubota / New Holland Parts & Service - Rebid #2,Ohio,2021-06-28,2021-07-06
51,Produce deliveries the month of August 2021,Louisiana,2021-06-28,2021-07-14
52,"Mason Neck State Park, Lorton, VA Residence HVAC System Replacement",Virginia,2021-06-28,2021-07-27
53,Surge Pump Installation,Florida,2021-06-28,2021-07-28
54,Milk and juice products,Virginia,2021-06-28,2021-07-14
55,Olympic Middle School Boiler Replacement,Washington,2021-06-28,2021-07-07
56,MOWER - DISTRICT 2,Alabama,2021-06-28,2021-07-14
57,Van Ness Water Wells Transmission Main Project,California,2021-06-28,2021-07-14
58,"One (1) new 2022 International 4-door cab,",Kentucky,2021-06-28,2021-07-13
59,Janitorial Services for Eastside Fire & Rescue Headquarters,Washington,2021-06-28,2021-07-13
60,Mechanical System Improvements,Ohio,2021-06-28,2021-07-13
61,Bellingham High School Dust Collection and Canopy Project,Washington,2021-06-28,2021-07-09
62,McCord Road Renovation Project – Interior Renovations to Bldg A & 1035,Ohio,2021-06-28,2021-07-13
63,Guaranteed Energy Savings Contract,Kentucky,2021-06-28,2021-09-09
64,Provide all services - equipment - and construction to deploy - own and operate a fixed wireless broadband system,Idaho,2021-06-28,2021-07-09
65,REPLACE SERVING LINES IN ONE OR MORE LOCATIONS,Kentucky,2021-06-28,2021-07-09
66,Morris Forman Water Quality Treatment Center (MFWQTC) Primary Sedimentation Basin Rehabilitation,Kentucky,2021-06-28,2021-07-12
67,"TZR T-Hangar G, H, and I Taxilanes",Ohio,2021-06-28,2021-07-22
68,2021 Pavement Repair Project,California,2021-06-28,2021-07-13
69,Holly Creek Park Restroom Construction Project,California,2021-06-28,2021-07-13
70,2021 CRACK SEALING AND STREET STRIPING PROJECT,Washington,2021-06-28,2021-07-13
71,4 vehicles and 2658658 school buses,California,2021-06-28,2021-07-09
72,Engineering Services,Missouri,2021-06-28,2021-07-09
73,Tax Software for management and revenue collection for its taxpayer accounts,Ohio,2021-06-28,2021-07-02
74,Glenmore WRRF Influent Pump and VFD Addition,Virginia,2021-06-28,2021-07-08
75,Carpet Replacement at Beshears & Juda Halls,Missouri,2021-06-28,2021-07-08
76,Construction Management and Inspection Services,Virginia,2021-06-28,2021-07-07
77,100 Philips Drive Project,California,2021-06-28,2021-07-05
78,PUSD Facilities Maintenance Project at Greenville Elementary & Greenville Jr/Sr High Schools,California,2021-06-28,2021-07-01
79,Door Replacement Beshears and Juda Hall,Missouri,2021-06-28,2021-07-08
80,Plumas Unified School District (PUSD) Facilities Maintenance Project,California,2021-06-28,2021-06-30
81,To Provide Low Voltage and Network Cabling for the City of Torrance,California,2021-06-28,2021-07-07
82,Adult Residential Center Programs Building Boiler Replacement Project,Kansas,2021-06-28,2021-07-12
83,Compact Track Loader,Texas,2021-06-28,2021-07-13
84,Mineral Oil Tank Repainting,Nebraska,2021-06-28,2021-07-13
85,John Deere Tractor,Texas,2021-06-28,2021-07-12
86,GYM HVAC REPLACEMENTS,California,2021-06-28,2021-07-01
87,Transit Operations and Maintenance Services,California,2021-06-28,2021-07-12
88,EL PASO COUNTY HOSPITAL DISTRICT UMC Central Campus Design for Bulk Oxygen Enclosure Architectural Services,Texas,2021-06-28,2021-07-29
89,Four Activity Buses,Illinois,2021-06-28,2021-07-12
90,Municipal Facility Cleaning Services,Illinois,2021-06-28,2021-07-20
91,BIOMASS NUTRIENT REDUCTION REBID,Florida,2021-06-28,2021-07-12
92,Pest Control and Elimination Services,Wisconsin,2021-06-28,2021-09-15
93,CONS-HERALDCTRENO/1515 - Herald Court Renovation,Florida,2021-06-28,2021-07-20
94,RFP for Marketing Agency Partner,Wisconsin,2021-06-28,2021-07-09
95,Outside Counsel Services,Texas,2021-06-28,2021-07-06
96,Scope of Services for Project-Based Voucher Rental Assistance,Minnesota,2021-06-28,2021-07-02
97,"EQ-EBARAPUMP/1620 - Purchase of Ebara Pumps, Repairs & Services",Florida,2021-06-28,2021-06-30
98,EMERGENCY PROCUREMENT: SHC Rental Portable AC Units and Dehumidifiers,Texas,2021-06-28,2021-06-30
99,"RFC 381859-19-21-01 LIGHTING RENOVATION, ATLANTA DHQ",Texas,2021-06-28,2021-07-21
100,Appliance Repair Services for HHS Region 03,Texas,2021-06-28,2021-07-12
101,Green Bean Seeds,Texas,2021-06-28,2021-07-09
102,Tuttle & Baily Fan powered boxes for front Customer Entrance,Ohio,2021-06-28,2021-07-02
103,EW Weekly RFQ,New Mexico,2021-06-28,2021-06-30
104,Knoxville Co-Response Team,Tennessee,2021-06-28,2021-07-16
105,"Lubricants, Fluids, and Antifreeze",New Jersey,2021-06-28,2021-07-13
106,Mail Processing Unit Industrial Inserter,Illinois,2021-06-28,2021-07-22
107,PROFESSIONAL APPRAISAL SERVICES WALLING - GORDON,New Jersey,2021-06-28,2021-07-08
108,RFQ/-P Design-Build Detention Center Electronics,Texas,2021-06-28,2021-07-28
109,DHS Carlinville WO169953 - SP,Illinois,2021-06-28,2021-07-02
110,Sublet body repair for Ottawa Garage,Illinois,2021-06-28,2021-07-01
111,IFB - UPS and Generator ATS Maintenance and Repair Services,Illinois,2021-06-28,2021-07-20
112,Sublet body repair for Elgin Garage #56684,Illinois,2021-06-28,2021-07-01
113,Siemens Desigo CC Automation Sole Source,Illinois,2021-06-28,2021-07-07
114,DHS RFP Mailroom Inserter Equipment Technical Proposal Only,Illinois,2021-06-28,2021-07-22
115,Architect / Engineering IDIQ Professional Services,Texas,2021-06-28,2021-07-28
116,"LOCAL LET MAINTENANCE CONTRACT, PECOS CO, WINTER WEATHER MATERIAL",Texas,2021-06-28,2021-07-27
117,CO Hanley Window Washing Services,Illinois,2021-06-28,2021-07-07
118,Office Furniture,Maryland,2021-06-28,2021-07-16
119,DNR - Des Plaines - Tree Removal,Illinois,2021-06-28,2021-07-06
120,Reaward of IDOT Snowplow Cutting Edges,Illinois,2021-06-28,2021-06-30
121,TENT RENTALS FOR EVENTS AT RIC,Rhode Island,2021-06-28,2021-07-21
122,Furnish and Deliver Muffle Furnace,Hawaii,2021-06-28,2021-07-13
123,IT Disaster Recovery Solution and Services - DOA,Rhode Island,2021-06-28,2021-07-23
124,Trauma-Informed Education Professional Development Services for the Hawaii Department of Education,Hawaii,2021-06-28,2021-07-28
125,Surplus Sale of Filing Cabinets,Connecticut,2021-06-28,2021-07-14
126,Pesticides for DDA Plant Industries Section,Delaware,2021-06-28,2021-07-09
127,GeoTextile Webbing Installation at Twin Lakes Park Lift Station,Florida,2021-06-28,2021-07-28
128,"VLB Marketing, Advertising, and Media Buying Services",Texas,2021-06-28,2021-07-26
129,JOB POSITION CLASSIFICATION MARKET STUDY,Texas,2021-06-28,2021-07-23
130,HCA Lean Six Sigma Green and Yellow Belt Certification,Texas,2021-06-28,2021-07-23
131,Passaic County Department of Senior Services Disability and Veterans Affairs 2022-2024 CARES Pool of Providers,New Jersey,2021-06-28,2021-07-21
132,Sussex Technical School District RFQ A&E Design Services,Delaware,2021-06-28,2021-07-16
133,Metal Detectors,Texas,2021-06-28,2021-07-12
134,2021 Leisure Services Fall Equipment and Uniforms,Alabama,2021-06-28,2021-07-06
135,Aluminum Sign Fabrication for Legacy Trail,Florida,2021-06-28,2021-07-06
136,Open Government Conference,Texas,2021-06-28,2021-07-16
137,2021 Toyota Camry XSE or Equal,Texas,2021-06-28,2021-07-09
138,IFB UT Tyler ARC 143 Ventilation Upgrade,Texas,2021-06-28,2021-07-28
139,Notice of Request for Proposals to perform Social Security Advocacy Services,Minnesota,2021-06-28,2021-09-30
140,Professional Audit Services,California,2021-06-28,2021-09-03
141,HVAC Maintenance and Repair Services,Texas,2021-06-28,2021-07-23
142,Outside Counsel Services,Texas,2021-06-28,2021-07-09
143,"ON-CALL CUT AND SHOVE CREW FOR REMOVAL OF STORM RELATED DEBRIS FROM STATE MAINTAINED ROADWAYS IN CARTERET, CRAVEN, JONES, AND PAMLICO",North Carolina,2021-06-28,2021-07-28
144,NC Works Career Center Alteration,North Carolina,2021-06-28,2021-07-28
145,Southern Tier Housing,Massachusetts,2021-06-28,2021-08-31
146,BEAUFORT COUNTY TRAFFIC CONTROL SERVICES,North Carolina,2021-06-28,2021-07-28
147,"ON-CALL CUT AND SHOVE CREW FOR REMOVAL OF STORM RELATED DEBRIS FROM STATE MAINTAINED ROADWAYS IN BEAUFORT, GREENE, LENOIR, AND PITT",North Carolina,2021-06-28,2021-07-28
148,Aviation Records Building Site Improvements Phase II for OCAT,Oklahoma,2021-06-28,2021-07-28
149,SMOG DIVISIONWIDE TRAFFIC CONTROL SERVICES,North Carolina,2021-06-28,2021-07-28
150,"LOCAL LET MAINTENANCE CONTRACT, MIDLAND CO, WINTER WEATHER MATERIAL",Texas,2021-06-28,2021-07-27
151,1.5 MG Water Storage Tank Repairs,New Hampshire,2021-06-28,2021-07-27
152,KETR Transmitter,Texas,2021-06-28,2021-07-09
153,Thomas P. Stafford Northeast Plaza Pavement for OCAT,Oklahoma,2021-06-28,2021-07-28
154,"LOCAL LET MAINTENANCE CONTRACT, ECTOR CO, WINTER WEATHER MATERIAL",Texas,2021-06-28,2021-07-27
155,Serving Racks and Warehouse Shelving,Texas,2021-06-28,2021-07-13
156,"Carpet Removal, Carpet Installation and Tile Installation, Big Spring State Hospital (BSSH)",Texas,2021-06-28,2021-07-12
157,"LOCAL LET MAINTENANCE CONTRACT, HOUSTON CO, FLEXIBLE BASE",Texas,2021-06-28,2021-07-22
158,Superior Convention Center Feasibility Study,Wisconsin,2021-06-28,2021-07-27
159,Fire Department New Type I Ambulance RFP,Illinois,2021-06-28,2021-07-19
160,Upgrade Sonitrol Security System,Texas,2021-06-28,2021-07-09
161,Well 18 Water Treatment Facility - Construction,Idaho,2021-06-28,2021-07-27
162,"Contractual Professional Services - Occupational Therapy, Physical Therapy, Speech Therapy, etc.",Texas,2021-06-28,2021-07-16
163,HUDDY PARK GAZEBO MASONRY DEMOLITION AND RECONSTRUCTION,New Jersey,2021-06-28,2021-07-08
164,Fabrication and Supply of 125' TPG Superstructures,Alaska,2021-06-28,2021-07-20
165,Pump Station 7 and Manhole Rehabilitations,North Carolina,2021-06-28,2021-07-27
166,Notice to Providers of Professional Services for Redevelopment Projects - Lanakila Homes and County of Hawaii Multi-Modal Transportation Project,Hawaii,2021-06-28,2021-07-27
167,RG&E NATURAL GAS BID,New York,2021-06-28,2021-07-27
168,"Professional Engineering and Architectural Design Services to Public Works Light, Power, and Traffic for New Administration and Operations Building",South Dakota,2021-06-28,2021-07-29
169,Athlete Monitoring System - Wearable Technology,Texas,2021-06-28,2021-07-21
170,HVAC Controls Project,California,2021-06-28,2021-07-30
171,Retrofit Cathodic Protection—26th St. from Sertoma Ave. to Marion Rd.,South Dakota,2021-06-28,2021-07-08
172,Re Bid-Conch Republic Roof Replacement Key West Historic Seaport,Florida,2021-06-28,2021-07-07
173,Compliance Consulting Services for the American Rescue Plan Act of 2021,Florida,2021-06-28,2021-07-20
174,5-YEAR POST CONSTRUCTION MONITORING OF THE POINT AUX PINS LIVING SHORELINES PROJECT,Alabama,2021-06-28,2021-07-26
175,Epoxy Coating Services - 30 Building,California,2021-06-28,2021-07-09
176,"Sumter County Building Inspection, Plan Review, and Community Risk Reduction Services",Florida,2021-06-28,2021-07-27
177,Management of Financial Services – Licensure Board,North Carolina,2021-06-28,Not Stated
178,Municipal Forest Master Park Planning Services,Wisconsin,2021-06-28,2021-07-27
179,SECURITY FENCE IMPROVEMENTS AT HILLVIEW RESERVOIR,New York,2021-06-28,2021-07-27
180,SPECIAL INVESTIGATIONS UNIT SERVICES,New York,2021-06-28,2021-07-26
181,Custodial Services,Florida,2021-06-28,2021-07-20
182,NOTICE FOR PROFESSIONAL SERVICES FOR FY 22,Hawaii,2021-06-28,2021-07-26
183,Property Terrorism Boiler Machinery Insurance,Pennsylvania,2021-06-28,2021-07-26
184,MA Climate Change Assessment,Massachusetts,2021-06-28,2021-07-23
185,Bay County Courthouse and Court Facilities Landscaping,Florida,2021-06-28,2021-07-26
186,Food Service Equipment On-Call Services,Maine,2021-06-28,2021-07-23
187,"WEVO Inc., Sole Source Pre-Award, Website Conversion Enhancement",New Mexico,2021-06-28,2021-07-25
188,Provider Rate Study,Montana,2021-06-28,2021-07-23
189,ARC Cage Processing Equipment-Revised,Texas,2021-06-28,2021-07-12
190,Boone Field House,West Virginia,2021-06-28,2021-07-15
191,Promotional Lunch bags for the Human Resources Department,Texas,2021-06-28,2021-06-30
192,"HSOP Pharmacy Supplies, Medical Products and Service Supplier for Cholestech Supplies",Alabama,2021-06-28,2021-07-14
193,Fence Repairs for Various Park Locations,Texas,2021-06-28,2021-07-02
194,DISTANCE EDUCATION CLASSROOMS,Minnesota,2021-06-28,2021-08-10
195,CLINICAL LABORATORY DIAGNOSTIC SERVICES,Pennsylvania,2021-06-28,2021-07-21
196,Woodman Dorothy Siphon,Ohio,2021-06-28,2021-08-11
197,CATERING SERVICES,California,2021-06-28,2021-08-27
198,Post Permanency Services,Arizona,2021-06-28,2021-08-11
199,PARKMOOR DEMOLITION,California,2021-06-28,2021-07-22
200,Aftermarket School Bus Air Conditioning,Delaware,2021-06-28,2021-07-08
201,Consulting Services for Website Strategy Project,Minnesota,2021-06-28,2021-07-23
202,2021 CDBG Streets Resurfacing & Restriping Program,Ohio,2021-06-28,2021-07-13
203,Technology Updates,Indiana,2021-06-28,2021-07-23
204,Employee and Physician Engagement Surveying,Texas,2021-06-28,2021-07-19
205,Depository and Banking Services,Tennessee,2021-06-28,2021-07-23
206,Fire Prevention Inspection Services,Alabama,2021-06-28,2021-07-15
207,On-Site Pipette Calibration Services,Maryland,2021-06-28,2021-07-23
208,Risk-Based Managed Care Services for Medicaid Beneficiaries,Indiana,2021-06-28,2021-08-09
209,"Wastewater System Debris Collection, Transportation, and Disposal Services",Florida,2021-06-28,2021-07-23
210,Construction Manager at Risk for the 41st Street Corridor Revitalization Project,Florida,2021-06-28,2021-08-09
211,Eastern Hills Trail Stop Park Rebid,Iowa,2021-06-28,2021-07-14
212,Paving Improvements at Hellyer Park,California,2021-06-28,2021-07-22
213,Demolition Tree Removal Services,Michigan,2021-06-28,2021-07-23
214,Equine Podiatry Services,Alabama,2021-06-28,2021-07-14
215,Tree Removal & Trimming,Iowa,2021-06-28,2021-07-16
216,Mobile Personal Safety Application,Pennsylvania,2021-06-28,2021-07-21
217,"External Audit Services for Harris County, the Harris County Flood Control District",Texas,2021-06-28,2021-07-19
218,Post-Secondary Career and Education Opportunities and Support for Gloucester High School Stud,Massachusetts,2021-06-28,2021-07-19
219,Re-Bid Uniform Clothing,New Mexico,2021-06-28,2021-07-06
220,EDUCATION MEDIA SERVICES,New Jersey,2021-06-28,2021-07-08
221,"Bridge, superstructure, and culvert replacements, watermain relocation, roundabout construction, interchange reconstruction, guardrail work, concrete surface coating, approach work and pavement markings",Michigan,2021-06-28,2021-08-06
222,1.66 mi of single layer micro-surfacing and pavement markings on East Elm Road from North Monroe Street to North Dixie Highway and North Dixie Highway from Elm Avenue to NS/CN Railroad in the city of Monroe,Michigan,2021-06-28,2021-08-06
223,Concrete Repair Services,California,2021-06-28,2021-07-22
224,"Rehabilitation of the Tolleston, Roosevelt and Glen Ryan Pavilions",Indiana,2021-06-28,2021-07-21
225,"1.80 mi of hot mix asphalt overlay with base and curb repairs and pavement markings on Garfield Road from 17 Mile Road to south of 19 Mile Road, Macomb County. This is a Local Agency project. ** 3628 Cb",Michigan,2021-06-28,2021-08-06
226,GENERAL CONTRACTING SERVICES FOR THE CONSTRUCTION OF HILLANDALE GATEWAY,Maryland,2021-06-28,2021-08-06
227,"4.55 mi of hot mix asphalt cold milling and resurfacing, drainage work, guardrail and pavement markings on US-31 from south of the Oceana/Mason county line to north of Meisenheimer Road, Oceana and Mason",Michigan,2021-06-28,2021-08-06
228,"Tent, Equipment, and Power Distribution",California,2021-06-28,2021-07-16
229,Road Construction at West Gulf Bank Road I-45 to Airline Drive for Harris County Precinct 1 - UPIN 19101MF0XV01,Texas,2021-06-28,2021-07-19
230,roadwork,Massachusetts,2021-06-28,2021-07-15
231,Pea Gravel and 1″ Rock Purchase for FY’22 CC Pipeline,Texas,2021-06-28,2021-07-08
232,Call to Artists - Centerpieces Mural Program,Ohio,2021-06-28,2021-07-19
233,Offsite Storage,Massachusetts,2021-06-28,2021-07-14
234,DCAMM Western Fire Detection Services Contract,Massachusetts,2021-06-28,2021-07-06
235,TWO (2) HYBRID 4X4 PICKUPS,North Carolina,2021-06-28,2021-07-13
236,3D Desktop Dental Scanner (TCAT Nashville),Tennessee,2021-06-28,2021-07-16
237,Milk,Indiana,2021-06-28,2021-07-16
238,Bread,Indiana,2021-06-28,2021-07-16
239,SCALE REPLACEMENT & MAINTENANCE,Massachusetts,2021-06-28,2021-07-16
240,TRD01/ Generator Maintenance & Repairs/FY22 Springfield/Dwight,Massachusetts,2021-06-28,2021-07-06
241,Laundry Chemical Dispensing Systems,Pennsylvania,2021-06-28,2021-07-16
242,TRD01/BMS-FY22/Springfield_Dwight St.,Massachusetts,2021-06-28,2021-07-06
243,HARRY. A. NOTTINGHAM PARK PHASE 2 LIGHTING IMPROVEMENTS,Colorado,2021-06-28,2021-07-16
244,Frisco Police Department Remodel,Colorado,2021-06-28,2021-07-16
245,Due Diligence Posting of Notice of Intent to Procure with IERE,Massachusetts,2021-06-28,2021-07-02
246,Juice,Indiana,2021-06-28,2021-07-16
247,Digital Therapy,Tennessee,2021-06-28,Not Stated
248,"WBS (50232.3.1) GRADING, PAVING, DRAINAGE, SIGNALS, RETAINING WALLS & STRUCTURE ON SR 2147 (W FRIENDLY AVE) IN GUILFORD COUNTY",North Carolina,2021-06-28,2021-07-15
249,Admin Upper Lot Rehabilitation,California,2021-06-28,2021-07-15
250,Supplies for Norfolk Sheriff's Office,Virginia,2021-06-28,2021-07-12
251,Tennis Courts,Indiana,2021-06-28,2021-07-16
252,ONE-TIME PURCHASE OF RIDGEDALE SYNTHENTIC DIGITAL DOOR HANGER SHEETS,Pennsylvania,2021-06-28,2021-07-01
253,ITB - Lowboy Trailer,Tennessee,2021-06-28,2021-07-15
254,THALIAN HALL INTERIOR DOOR HARDWARE REPLACEMENT - REBID,North Carolina,2021-06-28,2021-07-22
255,New Tennis Concession for YCS,Indiana,2021-06-28,2021-07-15
256,"Install pedestrian fencing and railing repair on I-94 under Grove Street in the city of Ypsilanti, Washtenaw County. ** 241 N9-6M**",Michigan,2021-06-28,2021-08-06
257,Comprehensive Annual Auditing Services,Idaho,2021-06-28,2021-08-05
258,Request for Proposals: Design Concept for Reconstruction of the Intersection of CR 738 and SH 135,Colorado,2021-06-28,2021-07-14
259,FY21 Annual Resurfacing Phase 2 Local Roads (Open Grade),Florida,2021-06-28,2021-07-28
260,Whm Replace Roof Quehanna Crew Bldg,Pennsylvania,2021-06-28,2021-07-14
261,Bay County Sheriff’s Office Parking Lot Resurfacing,Florida,2021-06-28,2021-07-27
262,Wentzville REC Center - Signage Package,Missouri,2021-06-28,2021-08-04
263,"GROUND MAINTENANCE FOR SOUTH AND CENTRAL LOCATIONS, TC",Florida,2021-06-28,2021-08-05
264,DIVISION I – WATER BOOSTER STATION REPLACEMENT & WATER MAIN IMPROVEMENTS,Indiana,2021-06-28,2021-07-14
265,W3 Pump Replacement,Arkansas,2021-06-28,2021-07-13
266,Anoxic Mixers,Arkansas,2021-06-28,2021-07-13
267,2021 Overlay Phase 1,Indiana,2021-06-28,2021-07-13
268,South Park Improvements,Indiana,2021-06-28,2021-07-12
269,Dome-Arched Swing Gates and Accessories,Florida,2021-06-28,2021-07-09
270,"PRINT AND DELIVER VARIOUS FORMS, STUDENT ACTIVITY FUND (SAF)CHECKS, DEPOSIT SLIPS AND CASH RECEIPT STOCK FOR THE HAWAII DEPARTMENT OF EDUCATION (HIDOE)",Hawaii,2021-06-28,2021-07-13
271,"Enzyme Immunoassay Urinalysis Drug Testing System for Correctional Facilities on the Islands of Oahu, Hawaii, Maui, and Kauai",Hawaii,2021-06-28,2021-07-06
272,Third-Party Administrator for PACE (Property Assessed Clean Energy) Program,Texas,2021-06-28,2021-08-05
273,LIQUID CALCIUM CHLORIDE,South Carolina,2021-06-28,2021-08-05
274,"DIVISION II – PAINTING OF 150,000 GALLONS SPHEROIDAL WATER STORAGE TANK",Indiana,2021-06-28,2021-07-14
275,2021 CDBG Neighborhood Streets Resurfacing Project,Illinois,2021-06-28,2021-07-13
276,2021 STREET & SIDEWALK PROJECTS,Indiana,2021-06-28,2021-07-12
277,PUBLIC AUCTION,Texas,2021-06-28,2021-07-08
278,LANSWEEPER ANNUAL LICENSE SUBSCRIPTION,Hawaii,2021-06-28,2021-07-02
279,DESIGN MANAGEMENT SERVICES FOR PUBLIC HEALTH LAB FACILITIES,Indiana,2021-06-28,2021-07-12
280,S-96 Rehabilitation,Florida,2021-06-28,2021-08-05
281,2021 PAVEMENT MARKING PROJECT,Iowa,2021-06-28,2021-07-08
282,Game Room Machines,Alabama,2021-06-28,2021-07-08
283,SODIUM HYPOCHLORITE,Indiana,2021-06-28,2021-07-07
284,Auditing Services,Indiana,2021-06-28,2021-08-05
285,Miscellaneous Traffic and Roadway Construction,Florida,2021-06-28,2021-08-04
286,"(PCE, DBE, MBE, WBE, SBE, VBE, VOSB, SDVOSB) for: Bittersweet Water Reclamation Facility Improvements, CONTRACT 1-2021",Illinois,2021-06-28,2021-08-04
287,PASCAL Library Courier Services,South Carolina,2021-06-28,2021-08-04
288,2021 RESIDENTIAL SLURRY SEAL,California,2021-06-28,2021-08-03
289,Charleston Coliseum & Convention Center Grounds Maintenance Services,West Virginia,2021-06-28,2021-07-13
290,Notice of Request for Proposals to enhance Adult Protective Services to respond to COVID-19,Minnesota,2021-06-28,2021-08-02
291,DSP Academy Food Service Bid,Wisconsin,2021-06-28,2021-08-03
292,Implementation Of Website Redesign,New York,2021-06-28,2021-08-02
293,Capallia SHIP Rehab,Florida,2021-06-28,2021-08-02
294,Printing of Capital Campaign Kit,Alabama,2021-06-28,2021-07-07
295,WEBSITE DESIGN & DEVELOPMENT,Minnesota,2021-06-28,2021-08-02
296,Marketing Services,South Carolina,2021-06-28,2021-08-02
297,On-Call Industrial Equipment and Electrical Services,Washington,2021-06-28,2021-07-13
298,Seat Pleasant Alley Repair Project,Maryland,2021-06-28,2021-08-01
299,Salmon Recovery Network Organizational Support,Washington,2021-06-28,2021-07-30
300,Disaster Monitoring Services,Texas,2021-06-28,2021-07-13
301,Predictive Crash Analysis Software,Texas,2021-06-28,2021-07-30
302,Aruba Products,Missouri,2021-06-28,2021-07-30
303,Dell Products,Missouri,2021-06-28,2021-07-30
304,Design Services for the 2022 City Calendar,Missouri,2021-06-28,2021-07-30
305,RFP for Community Consultant for General Plan update,California,2021-06-28,2021-07-30
306,"Vending Machine Relocation, Installation, Service & Repair",California,2021-06-28,2021-07-30
307,Request for Proposals for Audit Services,Minnesota,2021-06-28,2021-07-30
308,"Luminaires, Roadway",Michigan,2021-06-28,2021-07-13
309,Microsoft Office 365 System Integration and Implementation Services,California,2021-06-28,2021-07-30
310,Level III Armed Security Services,Texas,2021-06-28,2021-07-23
311,LACK ROAD BRIDGE REPLACEMENT OVER NEW RIVER,California,2021-06-28,2021-07-30
312,Falls Road Streetscape Design,North Carolina,2021-06-28,2021-07-30
313,SSIF Actuarial and Consulting Services,Kansas,2021-06-28,2021-07-30
314,Falls Road Streetscape Design,North Carolina,2021-06-28,2021-07-30
315,CloudBased Internal Control/Internal Audit Platform,Indiana,2021-06-28,2021-07-30
316,CDBG-DR Professional Services for Homeowner Rehabilitation and Reconstruction Program,Georgia,2021-06-28,2021-07-30
317,Disinfecting and Sanitizing Services,Louisiana,2021-06-28,2021-07-20
318,Hot Mix Asphalt Recreation Path,Massachusetts,2021-06-28,2021-07-30
319,Accounting Software for Leases,Florida,2021-06-28,2021-07-20
320,Solid Waste Management Consulting Services for Integrated Waste Management with the Resource Management Agency,California,2021-06-28,2021-07-16
321,2021 Roadway Striping Project,Missouri,2021-06-28,2021-07-15
322,"Renovation at EC, EC Annex and ECW HVAC Replacement, Roofing, Exterior Paint, and Cooling Tower",California,2021-06-28,2021-07-30
323,Runway 16/34 Reconstruction Quonset State Airport,Rhode Island,2021-06-28,2021-07-30
324,Track & Field,Indiana,2021-06-28,2021-07-16
325,Expo Center Renovation - KSF,Kansas,2021-06-28,2021-07-14
326,Landfill Tipping Fees,New York,2021-06-28,2021-07-30
327,Landscape,Indiana,2021-06-28,2021-07-16
328,Asphalt,Indiana,2021-06-28,2021-07-16
329,Network Monitoring System,Florida,2021-06-28,2021-07-14
330,Substation Construction Services for Sallisaw City #3,Oklahoma,2021-06-28,2021-07-20
331,Site Athletic Equipment,Indiana,2021-06-28,2021-07-16
332,Site Improvements & Utilities,Indiana,2021-06-28,2021-07-16
333,Water Meters & Parts,New York,2021-06-28,2021-07-07
334,Theatrical Equipment,Indiana,2021-06-28,2021-07-16
335,Plumbing,Indiana,2021-06-28,2021-07-16
336,Electrical,Indiana,2021-06-28,2021-07-16
337,Runway 16-34 Reconstruction - Quonset State Airport,Rhode Island,2021-06-28,2021-07-30
338,RESIDENTIAL REHABILITATION PROJECT,Alabama,2021-06-28,2021-07-09
339,Fresh Bakery Bid,Kentucky,2021-06-28,2021-07-16
340,HVAC & Controls,Indiana,2021-06-28,2021-07-16
341,Painting,Indiana,2021-06-28,2021-07-16
342,RESIDENTIAL BROADBAND SERVICES (FIBER TO T-K THROUGH 12TH GRADE HOUSEHOLDS),California,2021-06-28,2021-07-30
343,Reflective Sign Sheeting and License Plate Production Supplies,Utah,2021-06-28,2021-07-29
344,Request for Proposals (RFP) For Construction Manag,Georgia,2021-06-28,2021-08-06
345,RFQ - Design-Build - Zone 3 Reservoir Storage Tank Project,Washington,2021-06-28,2021-07-29
346,Sit to Stand Workstation and Accessories,Nebraska,2021-06-28,2021-07-12
347,Gymnasium Equipment,Indiana,2021-06-28,2021-07-16
348,Fall Creek Pavilion Project,Indiana,2021-06-28,2021-07-29
349,"Concrete Sidewalk, Curb, Gutter and Driveway Approaches 2021",California,2021-06-28,2021-07-14
350,Insurance Brokerage Services,New York,2021-06-28,2021-07-23
351,Virtual Math and Science Laboratory,Tennessee,2021-06-28,2021-07-29
352,Travel Agency Bookings for University Guest House,Utah,2021-06-28,2021-07-29
353,Independent Auditor,Vermont,2021-06-28,2021-07-29
354,MMET - Semi-Automatic Grinding and Polishing System (Portland-Metro Campus),Oregon,2021-06-28,2021-07-06
355,Meter Change Out Services for Bartow County Water,Georgia,2021-06-28,2021-07-29
356,3907 ECMS (MPMS# 57276) Montgomery Ave Bridge,Pennsylvania,2021-06-28,2021-07-29
357,Landing View Drive Extension,North Carolina,2021-06-28,2021-07-29
358,2021 Rear Load Packer,Iowa,2021-06-28,2021-07-08
359,"Signs, Decals, Banners, Supplies, Repairs and Other Related Products and Services",Texas,2021-06-28,2021-07-28
360,PW TRANSIT AS-NEEDED CONTRACT NO. 2,California,2021-06-28,2021-07-28
361,FSU Oil Change Services for FSU Fleet Vehicles,Florida,2021-06-28,2021-07-28
362,"Carpet, Flooring & Tiling Bid Package",Indiana,2021-06-28,2021-07-16
363,47500 - Brunswick Generator,Georgia,2021-06-28,2021-07-16
364,Inmate Dental Services,Maryland,2021-06-28,2021-07-28
365,Services for Emergency & Critical Power Upgrades,Delaware,2021-06-28,2021-07-21
366,47500 - Milledgeville Generator,Georgia,2021-06-28,2021-07-16
367,Casework,Indiana,2021-06-28,2021-07-16
368,Professional Engineering Services for Asset/Data/GIS Management and Development,Florida,2021-06-28,2021-07-28
369,Wood Athletic Flooring,Indiana,2021-06-28,2021-07-16
370,Framing/Drywall/Insulation/Ceilings/DEFS,Indiana,2021-06-28,2021-07-16
371,Glazing,Indiana,2021-06-28,2021-07-16
372,Mary Avenue at Evelyn Avenue Caltrain Crossing and Traffic Signal Improvements,California,2021-06-28,2021-07-14
373,GWVH Campus IT Upgrades Pat. EMR & Equip. Part A,Georgia,2021-06-28,2021-07-27
374,Printing & Mailing of Fun Times Reminders,Missouri,2021-06-28,2021-07-13
375,Oracle Work and Asset Management (WAM) Support,Florida,2021-06-28,2021-07-28
376,RFP - Financial Advisory Services,Georgia,2021-06-28,2021-07-22
377,UWG Nursing Building Parking Lot Expansion,Georgia,2021-06-28,2021-07-27
378,Fire Hydrant Replacement Program,Maryland,2021-06-28,2021-07-28
379,WYCKOFF RAW WATER PIPELINE REPLACEMENT,Georgia,2021-06-28,2021-07-27
380,Carrollton City Hall Renovation & Addition,Georgia,2021-06-28,2021-07-27
381,Roofing,Indiana,2021-06-28,2021-07-16
382,Selective Demolition,Indiana,2021-06-28,2021-07-16
383,47500 - Marietta Generator,Georgia,2021-06-28,2021-07-14
384,Unit Masonry,Indiana,2021-06-28,2021-07-16
385,General Trades,Indiana,2021-06-28,2021-07-16
386,Structural Steel,Indiana,2021-06-28,2021-07-16
387,Cast-In-Place Concrete,Indiana,2021-06-28,2021-07-16
388,Annual Lubrication Products,Alabama,2021-06-28,2021-07-28
389,"ANNUAL ULTRA LOW SULFUR DIESEL, UNLEADED E-10 GASOLINE AND LEADED E-10 MID GRADE GASOLINE BID FOR MOBILE COUNTY PUBLIC WORKS",Alabama,2021-06-28,2021-07-28
390,Annual Collection of Waste Oil,Alabama,2021-06-28,2021-07-28
391,Fire Alarm Replacements 2021,Indiana,2021-06-28,2021-07-07
392,ANNUAL FLEET EMERGENCY EQUIPMENT BID FOR MOBILE COUNTY SHERIFF'S OFFICE,Alabama,2021-06-28,2021-07-28
393,"Elevator Maintenance, Service, and Repair Services",California,2021-06-28,2021-07-27
394,Heavy Duty Truck Cab-Chassis and Powertrain Component Repair Services,North Carolina,2021-06-28,2021-07-27
395,Secondary Athletic Insurance,Georgia,2021-06-28,2021-07-16
396,Building Envelope Commissioning Services,Oregon,2021-06-28,2021-07-27
397,47200- Dalton Generator,Georgia,2021-06-28,2021-07-16
398,Structural Demolition,Indiana,2021-06-28,2021-07-16
399,The University of Texas at Tyler Medical Education Building,Texas,2021-06-28,2021-07-27
400,Cart and Rack Installation Bid,Georgia,2021-06-28,2021-07-21
401,"(RFQ) for Redevelopment of Surplus Land adjacent to Amsterdam Avenue, NE",Georgia,2021-06-28,2021-07-27
402,Vegetation Removal Services – District 6,Georgia,2021-06-28,2021-07-12
403,Dishwasher Installation,Georgia,2021-06-28,2021-07-21
404,"RECREATION, PARKS, HISTORIC AND CULTURAL AFFAIRS 5",Georgia,2021-06-28,2021-07-26
405,Pest Control Services,Alabama,2021-06-28,2021-07-27
406,2021 Lift Station Rehabilitation Project,Florida,2021-06-28,2021-07-27
407,Renovation of existing restrooms,Mississippi,2021-06-28,2021-07-27
408,Line Truck with 41 Foot Boom,Kentucky,2021-06-28,2021-07-27
409,Wastewater Treatment Plant Sludge Dewatering and Clarifier Upgrades,South Carolina,2021-06-28,2021-07-27
410,Police Department Organizational Review,Oregon,2021-06-28,2021-07-21
411,"Pump Station Improvements, Project SW1349",North Carolina,2021-06-28,2021-07-27
412,Multi-Functional Peripheral (MFP) Equipment,Michigan,2021-06-28,2021-07-27
413,Executive Search Firm for a Dean at The School of Medicine,Michigan,2021-06-28,2021-07-14
414,OFFSET ROLLER ATTACHMENT,California,2021-06-28,2021-07-21
415,PAWHUSKA SENIOR HOUSING DUPLEXES,Oklahoma,2021-06-28,2021-07-27
416,2021 Hydrant Replacement Project,Indiana,2021-06-28,2021-07-12
417,ARC - FRONT END SUSPENSION MAINTENANCE AND REPAIR,New York,2021-06-28,2021-07-27
418,PROF SVC #2022-PROF-1 - NOTICE FOR PROFESSIONAL SERVICES FOR FY 22,Hawaii,2021-06-28,2021-07-26
419,2021 NJDOT & Road Improvement Program,New Jersey,2021-06-28,2021-07-27
420,"Mexico Rd. Resurface, Ped. Bridge, ADA Improvement",Missouri,2021-06-28,2021-07-27
421,Clovis Avenue Street Rehabilitation,California,2021-06-28,2021-07-20
422,Data Cabling Services,Ohio,2021-06-28,2021-07-09
423,Housekeeping & Cleaning Services,New Hampshire,2021-06-28,2021-07-16
424,Mission Plaza Railing Upgrade 2021,California,2021-06-28,2021-07-22
425,SCHOOL NUTRITION SERVICES – BREAD PRODUCTS,Virginia,2021-06-28,2021-07-08
426,Rubber Flooring Tile and Installation,New Hampshire,2021-06-28,2021-07-16
427,WWTP FOG Screening Improvements,Oregon,2021-06-28,2021-07-23
428,"US-95, SAGLE RD TO LONG BRIDGE INTERIM IMPRV, PH 1",Idaho,2021-06-28,2021-07-13
429,Waterfront Restrooms,Alaska,2021-06-28,2021-07-26
430,Consultation Services-Literacy Program Evaluations,Virginia,2021-06-28,2021-07-26
431,Phase Ill Engineering Services to resurfacing Collinsville Avenue Improvements (MLK Drive to Summit Avenue),Illinois,2021-06-28,2021-07-26
432,1st Ave S Roadway and Bridge Reconstruction,Minnesota,2021-06-28,2021-07-26
433,2021 Paving Program,Pennsylvania,2021-06-28,2021-07-26
434,Sewer System Infiltration and Inflow (I&I) Analysis,Virginia,2021-06-28,2021-07-26
435,PRINT SERVICES-CARD STOCK BC,Ohio,2021-06-28,2021-07-26
436,"ESSER Funded HVAC Controls, Ventilation & Air Quality Projects",Wisconsin,2021-06-28,2021-07-13
437,Request for Qualifications – Stand-By Landfill Permitting & Compliance Consulting Services,Texas,2021-06-28,2021-07-26
438,Backflow Device Inspections and Testing,California,2021-06-28,2021-07-21
439,Delmar Divine- Tenants,Missouri,2021-06-28,2021-07-25
440,RR149 - Read Blvd East Group F (FRC),Louisiana,2021-06-28,2021-07-22
441,Electronic Reporting System for Haulers and Commercial Generators,California,2021-06-28,2021-07-23
442,Building L Water Heater Replacement,Wisconsin,2021-06-28,2021-07-08
443,Primary Sedimentation Basin Rehabilitation Project,Indiana,2021-06-28,2021-07-12
444,NORTH OMAHA STATION UNIT 4 BOILER CHEMICAL CLEANING,Nebraska,2021-06-28,2021-07-23
445,Compliance Tracking Software,California,2021-06-28,2021-07-23
446,Condensing Unit and Coil Replacement,Minnesota,2021-06-28,2021-07-16
447,Gold Cross Ambulance Services,Utah,2021-06-28,2021-07-02
448,Class 5 Medium Duty Truck with Bucket Lift,Missouri,2021-06-28,2021-07-23
449,Inmate Detention Supplies & Clothing,Pennsylvania,2021-06-28,2021-07-23
450,Fleet Garage Roll Up Door,Minnesota,2021-06-28,2021-07-16
451,Retail Development Services,North Dakota,2021-06-28,2021-07-23
452,RFD Renovations & Upgrades Fire Station 18,North Carolina,2021-06-28,2021-07-23
453,"Multi-Function Device Environment Refresh Project, Monoe County Department of Information Services",New York,2021-06-28,2021-07-23
454,COVID 19 Response - After Action Report (AAR),Alaska,2021-06-28,2021-07-16
455,Event Cleaning Services - Rebid,New Mexico,2021-06-28,2021-07-23
456,FITNESS EQUIPMENT,Rhode Island,2021-06-28,2021-07-23
457,Metal and Steel Fence Repair,California,2021-06-28,2021-07-23
458,Fabrication and Supply of 125’ Through Plate Girder Superstructures,Alaska,2021-06-28,2021-07-20
459,Bill Burke Park Drainage,Kansas,2021-06-28,2021-07-22
460,2021 Amberleigh Village Concrete Project,Indiana,2021-06-28,2021-07-21
461,Crossing Diamonds for the Double Track Project,Indiana,2021-06-28,2021-07-14
462,Bledsoe County Corr. Complex Generator Maintenance,Tennessee,2021-06-28,2021-07-07
463,McGuire Hall Renovation Richmond High School,Indiana,2021-06-28,2021-07-16
464,Annual Legislative Audit and Accounting Services,Alaska,2021-06-28,2021-07-16
465,RE-BID - Tucker-Terra Sno-Cat or Approved Equal,Minnesota,2021-06-28,2021-07-09
466,Mobile Classroom Electrical Components,Virginia,2021-06-28,2021-06-30
467,HP & ViewSonic Portable Monitors,Texas,2021-06-28,2021-07-13
468,ARCTIC PIPE FOR WATER AND SEWER SERVICES IN MOUNTAIN VILLAGE,Alaska,2021-06-28,2021-07-01
469,Newton County Board of Commissioners Countywide Bridge Inspection and Inventory Program in accordance with National Bridge Inspection Standards for Cycle Years 2022-2023. Des #2100155 in the LaPorte District,Indiana,2021-06-28,2021-07-22
470,Bethel AST Post Janitorial RFQ,Alaska,2021-06-28,2021-07-08
471,TDOT Floating South Fire Hydrant,Tennessee,2021-06-28,2021-07-07
472,Data Center Battery Backup and Power Distribution Units,Ohio,2021-06-28,2021-07-07
473,FITNESS EQUIPMENT & TRADE-IN,Rhode Island,2021-06-28,2021-07-23
474,PELCO EQUIPMENT UPGRADE AND MAINTENANCE,Maryland,2021-06-28,2021-07-23
475,HVAC Filters for Transit Coaches,Wisconsin,2021-06-28,2021-07-23
476,Welding and Related Services,North Carolina,2021-06-28,2021-07-23
477,BB-311-220-003 311 W. Saratoga Street Foundation Repairs,Maryland,2021-06-28,2021-07-23
478,OFFICE TRAILER,Rhode Island,2021-06-28,2021-07-22
479,HEATHMAN HALL ROOF & WINDOW REPLACEMENT,Rhode Island,2021-06-28,2021-07-21
480,"Native Seed Mixes, Contract Release S-915(5)",Minnesota,2021-06-28,2021-07-19
481,"Maintenance Improvement Program Mill, Patch, and Resurface of George Street from 11th Street to 22nd Street",Indiana,2021-06-28,2021-07-06
482,"Wastewater System Debris Collection, Transportation, and Disposal Services",Florida,2021-06-28,2021-07-23
483,Engineering/Professional Services for Solid Waste Facilities/Management Systems,Florida,2021-06-28,2021-07-23
484,Metal Roof - Sloatsburg Salt Shed,New York,2021-06-28,2021-07-23
485,RIVER ROAD PUMP STATION REPLACEMENT,Vermont,2021-06-28,2021-07-20
486,Background Check,Texas,2021-06-28,2021-07-23
487,Landscaping Architectural Consulting Services,Florida,2021-06-28,2021-07-23
488,"NTB - Drainage Improvements. (Located At: Baldwin Bowling Center, Baldwin, New York)",New York,2021-06-28,2021-07-23
489,VSCC Warf Science & Wallace North Buildings,Tennessee,2021-06-28,2021-07-21
490,Programmatic and Financial Review of Assisted Living Facility Services,Maine,2021-06-28,2021-07-22
491,"Rehabilitate Taxiway “A”, Phases 2",Indiana,2021-06-28,2021-07-21
492,San José Opportunity Zone Study,California,2021-06-28,2021-07-16
493,Property Management Services for ASU Los Angeles and California Locations,Arizona,2021-06-28,2021-07-16
494,Services of Instructors to Facilitate Online Professional Learning Courses Offered By the Maryland Virtual Professional Learning Opportunities (MVPLO) Program,Maryland,2021-06-28,2021-07-22
495,Services of Instructors to Facilitate Student Online Courses Offered by the Maryland Virtual Student Learning Opportunities (MVSLO) Program,Maryland,2021-06-28,2021-07-22
496,Annual Contract for Medical Examiner Supplies,Texas,2021-06-28,2021-07-19
497,PROVISION OF LAKE LOUELLA DAM IMPROVEMENTS,Georgia,2021-06-28,2021-07-14
498,"Vending Machine Relocation, Installation, Removal, Service and Repair",California,2021-06-28,2021-07-22
499,CONSTRUCTION MANAGEMENT SERVICES,California,2021-06-28,2021-07-22
500,SIDEWALK IMPROVEMENTS,Indiana,2021-06-28,2021-07-15
501,Annual Backflow Preventer Testing & Cross Connection Inspection Services,Rhode Island,2021-06-28,2021-07-21
502,SUPPLEMENTAL SECURITY SERVICES,Rhode Island,2021-06-28,2021-07-23
503,Statewide Dam Improvements,Ohio,2021-06-28,2021-07-22
504,Submachine Guns,Alabama,2021-06-28,2021-07-22
505,Independent Auditing Services RFQ,Minnesota,2021-06-28,2021-07-16
506,Sights,Alabama,2021-06-28,2021-07-22
507,Transportation Services for Paper and Commingled Recyclable Materials,Maryland,2021-06-28,2021-07-22
508,Suppressors,Alabama,2021-06-28,2021-07-22
509,Sanitary Sewer Replacement,Texas,2021-06-28,2021-07-22
510,Abatement services,Indiana,2021-06-28,2021-07-08
511,SALE AND RECYCLING OF SCRAP METAL,Virginia,2021-06-28,2021-07-22
512,WAS-C-9 Motor Pave Paving Project,Ohio,2021-06-28,2021-07-13
513,High-Fidelity Simulator,Florida,2021-06-28,2021-07-09
514,Pelham Police Department - 2021 HVAC Improvements,Alabama,2021-06-28,2021-07-21
515,"""D"" Tier Renovation",Pennsylvania,2021-06-28,2021-07-22
516,HIPPA Consultant,New York,2021-06-28,2021-07-22
517,Paving of 900 E from Wheeling Pike to 1200 South Project,Indiana,2021-06-28,2021-07-02
518,Fleet Mobile Column Lifts,Ohio,2021-06-28,2021-07-22
519,"Asphalt Equipment, Heaters",Arizona,2021-06-28,2021-07-13
520,2022-24 On-Call Consultant Services Request for Qualifications,Idaho,2021-06-28,2021-07-14
521,Video Remote Interpretation (VRI) Software Solution and Interpretation Services,Oregon,2021-06-28,2021-07-16
522,"Diversity, Equity and Inclusion Consulting Services",South Carolina,2021-06-28,2021-07-22
523,RFP21-019 Literacy Intervention Solution for Grades 1-3,Utah,2021-06-28,2021-07-21
524,Milk and Juice for the Jr./Sr. High School and Elementary School,Illinois,2021-06-28,2021-07-22
525,Request for Proposals for General Liability Insurance Coverage for Business Enterprises Program (BEP) Businesses,Minnesota,2021-06-28,2021-07-21
526,Expressions of Interest SU22-01 for Architectural/Engineering Services to Perform a Structural Analysis of the Boone Field House and Other Design Services,West Virginia,2021-06-28,2021-07-15
527,THERMOSPLASTIC - RICHLAND,South Carolina,2021-06-28,2021-07-21
528,Cummins & Detroit Engine Parts & Services,California,2021-06-28,2021-07-21
529,GUN CLEANING KIT,New York,2021-06-28,2021-07-21
530,Tree Inventory Data Collection Services,Florida,2021-06-28,2021-07-21
531,Request for Qualifications Walnut Grove Tank Rehabilitation,Ohio,2021-06-28,2021-07-21
532,Tractor for roadside mowing and debris removal,Vermont,2021-06-28,2021-07-07
533,RWIS RPU UPGRADES (REPLACEMENTS),Wyoming,2021-06-28,2021-07-21
534,Municipal Building Roof Replacement,Vermont,2021-06-28,2021-07-12
535,HEINZ PRODUCTS,Rhode Island,2021-06-28,2021-07-15
536,Purchase of Bucket Truck for the Cumberland Highway Department,Rhode Island,2021-06-28,2021-07-12
537,OCA ADMFMD | CNG Dispenser,California,2021-06-28,2021-07-06
538,Grocery Products,Kansas,2021-06-28,2021-07-09
539,Steamfitter Supplies,Illinois,2021-06-28,2021-07-21
540,Meteorological Services for Fog Forecasting,Washington,2021-06-28,2021-07-12
541,"Zone Painting, Diaphragm Weld Repair",South Dakota,2021-06-28,2021-07-21
542,Architectural/Engineering Services to perform a structural analysis of the Boone Field House,West Virginia,2021-06-28,2021-07-15
543,POLICE OFF-DUTY DETAIL MANAGEMENT,New Jersey,2021-06-28,2021-07-21
544,2021 Recruiting Services RFP,Idaho,2021-06-28,2021-07-07
545,Fort Ben Branch Library Project,Indiana,2021-06-28,2021-07-15
546,to Establish a Multi-Year Contract for Residence Hall Couches and Chairs,West Virginia,2021-06-28,2021-06-30
547,"Culvert, Drop Inlet & Ditch Cleanout",South Dakota,2021-06-28,2021-07-21
548,Pavement Restoration,South Dakota,2021-06-28,2021-07-21
549,PCC Pavement Grinding,South Dakota,2021-06-28,2021-07-21
550,Water Main Tree Clearing Project,Ohio,2021-06-28,2021-07-20
551,Glendale Branch Library Replacement Project,Indiana,2021-06-28,2021-07-13
552,OFFICE FURNITURE,Missouri,2021-06-28,2021-07-20
553,CUD - Existing Office Building - Renovations,Tennessee,2021-06-28,2021-07-15
554,"THE RECONSTRUCTION OF JAMAICA PLAYGROUND, QUEENS",New York,2021-06-28,2021-07-20
555,Lexington Lift Station #3 - Replacement,Tennessee,2021-06-28,2021-07-13
556,Wood Waste Hauling,Pennsylvania,2021-06-28,Not Stated
557,Single Phase Pole Mount Transformers,Texas,2021-06-28,2021-07-02
558,"Construction Management, Inspection, Community Outreach, Labor Compliance & Geotech. & Matl. Testing Services for the 2020/2021 Street Overlay & Reconstruction Project",California,2021-06-28,2021-07-20
559,"THE PARTIAL RECONSTRUCTION OF GREENBELT RECREATION CENTER (R129), IN BLOOD ROOT VALLEY, STATEN ISLAND.",New York,2021-06-28,2021-07-20
560,"WOODLAND ELEMENTARY SCHOOL RENOVATION PROJECT, PHASE II",Missouri,2021-06-28,2021-07-20
561,Vendor Service Contract for Printing and Mailing Aldermanic Newsletters,Wisconsin,2021-06-28,2021-07-20
562,Memorial Park Community Center and Pool: Phase 2,North Carolina,2021-06-28,2021-07-20
563,2021 ROAD RESURFACING PROJECTS,Indiana,2021-06-28,2021-07-20
564,Building 700 Transformer Upgrade,California,2021-06-28,2021-07-28
565,"Site Improvements for Ben Davis High School Area Two, Lynhurst 7th and 8th grade center, Sanders School and Rhoades Elementary",Indiana,2021-06-28,2021-07-15
566,Installation of Floating Treatment Wetlands for Stormwater Research,North Carolina,2021-06-28,2021-07-15
567,WELLFORD LANDFILL JOHN DEERE 850L WASTE HANDLER TRACKED DOZER OR EQUIVALENT,South Carolina,2021-06-28,2021-07-20
568,LICENSE PLATE ENVELOPES AND KRAFT BROWN ENVELOPES,Wyoming,2021-06-28,2021-07-20
569,Total Exam Camera,Minnesota,2021-06-28,2021-06-30
570,Bruton Orand Boulevard at FM 1171 - Right Turn Lane,Texas,2021-06-28,2021-07-20
571,05461 RFB Portland Cement Concrete Delivery,Texas,2021-06-28,2021-07-20
572,Transportation Routes: Transportation To and From Non Public Transportation,New Jersey,2021-06-28,2021-07-07
573,STUDENT TRANSPORTATION SERVICES 2021-2022 School Year Athletic Transportation,New Jersey,2021-06-28,2021-07-20
574,"Replacement of Signal SC-36 at Intersection of CR-607, Crescent Road and Lakeside Boulevard, Borough of Hopatcong",New Jersey,2021-06-28,2021-07-20
575,2021 LED Lighting Conversion in Valet Parking,Minnesota,2021-06-28,2021-07-13
576,WEST END ROOFTOP AC REPLACEMENT UNIT,New York,2021-06-28,2021-07-20
577,"City of Chicago or Cook County Qualified MBE/WBE/SBE Subcontractors and Vendors for Owner: City of Chicago, IL, for Large Diameter Sewer Rehabilitation Projects #8117, #8118, and #8119",New Jersey,2021-06-28,2021-07-20
578,HVAC Replacement for MDOT MVA Loveville Branch,Maryland,2021-06-28,2021-07-19
579,"12,000 Lb. Symmetrical 2-Post Lift",Georgia,2021-06-28,2021-07-20
580,Medical Supplies - BCEMS,Tennessee,2021-06-28,2021-07-19
581,EMERGENCY FOOD CATERING SERVICES,Florida,2021-06-28,2021-07-19
582,Psychiatric/ Psychological Services for Medical Chart Review and Evaluation,Indiana,2021-06-28,2021-07-14
583,Athletic Turf Mowing Services,Florida,2021-06-28,2021-07-19
584,Supplemental RFQ for Professional Learning Services,Illinois,2021-06-28,2021-07-19
585,PUMP STATION #5 CONTROL RETROFIT AND INSTALLATION,New Jersey,2021-06-28,2021-07-14
586,Shrink Wrap,North Carolina,2021-06-28,2021-07-13
587,Outpatient Competency Restoration Services,Indiana,2021-06-28,2021-07-12
588,Professional Planning Services,Maryland,2021-06-28,2021-07-19
589,S SENIOR CONGREGATE AND HOME DELIVERED MEAL PROGRAM IN ROCK ISLAND COUNTY,Illinois,2021-06-28,2021-07-19
590,S SENIOR CONGREGATE AND HOME DELIVERED MEAL PROGRAM IN MERCER COUNTY,Illinois,2021-06-28,2021-07-19
591,Weatherization - Mechanical Repairs,Washington,2021-06-28,2021-07-12
592,PROVISION OF 2021 PREVENTATIVE GATE VALVE MAINTENANCE FOR THE TOWNSHIP OF MARLBORO WATER UTILITY DIVISION,New Jersey,2021-06-28,2021-07-09
593,PROFESSIONAL LEARNING SERVICES,Illinois,2021-06-28,2021-07-19
594,Data Center Server and Storage Upgrade,Illinois,2021-06-28,2021-07-17
595,"RIDGEWOOD ROAD, HUDSON AVENUE, BRIDGE STREET, MUNICIPAL COMPLEX PARKING LOT & 2021 ROAD IMPROVEMENT PROGRAM",New Jersey,2021-06-28,2021-07-13
596,William McKinley School #39-Roofing Project,Indiana,2021-06-28,2021-07-12
597,AVON C50 MASK and CTCF50 FILTER,Illinois,2021-06-28,2021-07-19
598,Onsite Wastewater Repair or Replacement,Missouri,2021-06-28,2021-07-06
599,Request for Proposals (RFP) for Video Production Services,Minnesota,2021-06-28,2021-07-12
600,"Sanitary Sewer Evaluation Survey - CCTV and Dye Testing Inspection, Water Pollution Control Department",Connecticut,2021-06-28,2021-07-19
601,SUPERINTENDENT VEHICLE REPLACEMENT,California,2021-06-28,2021-07-16
602,Refuse & Recycling Collection,New York,2021-06-28,2021-07-19
603,Pre-Employment Psychological Evaluations for a 12-month Period (RFB-HPD-1517004),Hawaii,2021-06-28,2021-07-16
604,Psychological Fitness-For-Duty Evaluations for a 12-month Period,Hawaii,2021-06-28,2021-07-16
605,"CARTRIDGE FILTER, PRE-MEMBRANE, PURCHASE AND DELIVERY,",Florida,2021-06-28,2021-07-16
606,PhantomPDF Business v11 Renewal and New Licenses,North Carolina,2021-06-28,2021-07-06
607,Falls Road Streetscape Design,North Carolina,2021-06-28,2021-07-09
608,"LOADING, TRANSPORTATION, DELIVERY AND UNLOADING OF LIQUID BIOSOLIDS FROM THE HMUA WATER POLLUTION CONTROL PLANT",New Jersey,2021-06-28,Not Stated
609,Request for Proposals - The Town of Vail Pavement Condition Survey Project,Colorado,2021-06-28,2021-07-16
610,Parleys Access Control Project,Utah,2021-06-28,2021-07-16
611,2021 Sidewalk Improvements Program,Illinois,2021-06-28,2021-07-16
612,"Notice of Contract Opportunity for Medical Coordinators, Medical Consultants, Evaluators and Course Providers",Minnesota,2021-06-28,Not Stated
613,"Notice of Availability of Request for Proposal (RFP) for Strategic Facilities Planning for Current Leased and Owned Office Space and Parking and Transit Study for State Owned, Leased and Street Parking",Minnesota,2021-06-28,Not Stated
614,SMITH CREEK PARK PHASE 2A AND NORTHERN REGIONAL PARK PHASE 2,North Carolina,2021-06-28,2021-07-15
615,Economic Development Plan Consultant,Arizona,2021-06-28,2021-07-16
616,IAM Solution,North Carolina,2021-06-28,2021-07-16
617,Law Department/Real Estate Division Appraisal Services,Ohio,2021-06-28,2021-07-16
618,Annual Price Agreement for Generator Preventive Maintenance & Repair Services,Texas,2021-06-28,2021-07-16
619,New 100-115HP tractor and a new Extended Cab 4x4 pickup truck,Illinois,2021-06-28,2021-07-16
620,Batteries for Uninterruptible Power Supplies (UPS's),Florida,2021-06-28,2021-07-16
621,INTERIM ASSESSMENTS,North Carolina,2021-06-28,2021-07-16
622,University Tower – University Tower Renovation Phase 1 Level 8 9 10,Michigan,2021-06-28,2021-07-16
623,Request for Quotation Janitorial Supplies,South Carolina,2021-06-28,2021-07-15
624,KLEHM ARBORETUM ASPHALT PAVING PROJECT,Illinois,2021-06-28,2021-07-16
625,Elevator Maintenance Services,Maryland,2021-06-28,2021-07-16
626,Furnish and Install AV System,New York,2021-06-28,2021-07-16
627,Fuel,Illinois,2021-06-28,2021-07-16
628,"Beverages, Canned & Bottled (Posted to IPS UNSPSC 5020 Beverages)",North Carolina,2021-06-28,2021-07-13
629,2021 Mantua Township Chip and Seal Project,Ohio,2021-06-28,2021-07-15
630,Video Wall System,California,2021-06-28,2021-07-15
631,"FOOD, NON-FOOD, & CHEMICAL ITEMS FOR GLEAMNS HRC'S CCFP PROGRAM",South Carolina,2021-06-28,2021-07-15
632,Pioneer Avenue Safe Routes to School,Washington,2021-06-28,2021-07-15
633,Zoo Entrance Design,Idaho,2021-06-28,2021-07-15
634,"University of Missouri Teaching Hospital — CT Replacement, 2E07",Missouri,2021-06-28,2021-07-14
635,2021CCMG Round 1 Resurfacing Project,Indiana,2021-06-28,2021-07-13
636,RFP Actuarial Services for Third Party Liability & Worker’s Compensation Review,Washington,2021-06-28,2021-07-15
637,Kueber Center Renovations,Kentucky,2021-06-28,2021-07-15
638,HVAC RENOVATION AND NEW GYM ADDITION PATHWAYS ELEMENTARY SCHOOL,Illinois,2021-06-28,2021-07-15
639,2021-ROAD RECONSTRUCTION-SUNBURST LANE,New Jersey,2021-06-28,2021-07-15
640,Furniture and Metal Library Shelving,Indiana,2021-06-28,2021-07-14
641,WELLFORD LANDFILL BOMAG BC972RB WASTE COMPACTOR OR EQUIVALENT,South Carolina,2021-06-28,2021-07-15
642,Storm Sewer Improvements Project 2021,New Jersey,2021-06-28,2021-07-15
643,Demolition of 30 properties,Illinois,2021-06-28,2021-07-15
644,"DEMOLITION OF VARIOUS BUILDINGS ON BLOCK 13, LOT 25 AND BLOCK 14, LOT 2",New Jersey,2021-06-28,2021-07-15
645,LEASE-LEASEBACK CONSTRUCTION SERVICES,California,2021-06-28,2021-07-14
646,BOROUGH HALL ROOF DRAIN,New Jersey,2021-06-28,2021-07-15
647,INFORMAL BID PAINT STRIPING SERVICES BPTM,Texas,2021-06-28,2021-07-09
648,SINGLE STATION SMART SOLAR TRASH COMPACTORS,New Jersey,2021-06-28,2021-07-15
649,REMOVAL OF TREE STALKS,New Jersey,2021-06-28,2021-07-15
650,Renovations to Wyandanch VFW,New York,2021-06-28,2021-07-15
651,Communications Cabling and Wiring Services - 21,North Carolina,2021-06-28,2021-08-03
652,Manufactured Homes,North Carolina,2021-06-28,2021-07-06
653,Window and Power Washing Services,California,2021-06-28,2021-07-14
654,Electric Motor & Machine Repair Services Rebid,New Jersey,2021-06-28,2021-07-13
655,Broadband Assessment,Arizona,2021-06-28,2021-07-14
656,BOROUGH SOLICITOR SERVICES,New Jersey,2021-06-28,2021-07-13
657,17 Brian Scott Pl,Michigan,2021-06-28,2021-07-02
658,BOROUGH ENGINEER SERVICES: CONFLICT AND SPECIAL PROJECTS,New Jersey,2021-06-28,2021-07-13
659,REDEVELOPMENT COUNSEL,New Jersey,2021-06-28,2021-07-13
660,Liquid Ferric Sulfate,North Carolina,2021-06-28,2021-07-14
661,Bridge Preservation Program 2018/2019,Utah,2021-06-28,2021-07-14
662,Civic Apartments Water and Waste Line Replacement,Illinois,2021-06-28,2021-07-14
663,Purchase of One Wheel Loader for the Water and Sewer Division,Illinois,2021-06-28,2021-07-14
664,"Corrugated Aluminized Pipe, CS",North Carolina,2021-06-28,2021-07-12
665,Port Security Grant Program – Radar System,Ohio,2021-06-28,2021-07-14
666,Architectural / Engineering Services for Sullivan County Dept. of Education HVAC Projects,Tennessee,2021-06-28,2021-07-14
667,Formal Invitation for Bids for Annual Contract for Utility Terrain Vehicles,Texas,2021-06-28,2021-07-14
668,Bob White Pier Wall,Kentucky,2021-06-28,2021-07-14
669,BOROUGH SOLICITOR SERVICES: CONFLICT,New Jersey,2021-06-28,2021-07-13
670,Bike Rack Installation Baum-Centre Corridor & Downtown,Pennsylvania,2021-06-28,2021-07-14
671,Sibley Road Storm Replacement,Ohio,2021-06-28,2021-07-13
672,ROOF METAL AND INSULATION REMOVAL AND REPLACEMENT PROJECT LOCATED AT 714 S 42ND STREET,Illinois,2021-06-28,2021-07-14
673,PUBLIC/NON PUBLIC STUDENT TRANSPORTATION SERVICES,New Jersey,2021-06-28,2021-07-14
674,SUPERVISION OF CONSTRUCTION SERVICES FOR CONTRACT NO. P100.590 PARKWAY BRIDGE SUPERSTRUCTURE REPLACEMENT MILEPOST 106.3 TO 106.5,New Jersey,2021-06-28,2021-07-14
675,Copper Tubing,Virginia,2021-06-28,2021-07-13
676,Recruiting Promotional Items - Statewide,Texas,2021-06-28,2021-07-09
677,"Site Demolition and Restoration at Scatter Site Project Locations (919, 1051, & 1330 Hamilton St., 1420 Campbell St., 1710 Vance St.)",Ohio,2021-06-28,2021-07-13
678,Professional Audio/Visual Consulting Services for Corona’s EOC Project (Phase 1),California,2021-06-28,2021-07-28
679,Camera System Upgrade for TPD,Ohio,2021-06-28,2021-07-13
680,Total Trihalomethane (THM) Analyzer,Florida,2021-06-28,2021-07-08
681,CAPACITORS,Kentucky,2021-06-28,2021-07-13
682,ELECTRONIC WASTE SERVICES,Georgia,2021-06-28,2021-07-13
683,ARROW® EZ-IO SYSTEMS,Texas,2021-06-28,2021-07-08
684,Purchase of Flags,Florida,2021-06-28,2021-07-13
685,2021 CDBG Streets Resurfacing & Restriping Program,Ohio,2021-06-28,2021-07-13
686,Police Uniforms and Related Supplies,Ohio,2021-06-28,2021-07-12
687,2021 CDBG Streets Resurfacing & Restriping Program,Ohio,2021-06-28,2021-07-13
688,Commissioning Services for Silverthorne Early Child Care Facility,Colorado,2021-06-28,2021-07-12
689,Overhead Door Repairs,Texas,2021-06-28,2021-07-09
690,Request for Qualifications – Special Events and Late Night Entertainment,Minnesota,2021-06-28,2021-07-09
691,Sole Source for Rural Oregon Recruitment and Retention for Parenting & Opioids Project,Oregon,2021-06-28,2021-07-02
692,Prepared Meals for Senior Nutrition Program,New York,2021-06-28,2021-07-23
693,"Meadowbrook Corridor Green Infrastructure Merrick, NY",New York,2021-06-28,2021-07-15
694,Sale of Surplus Equipment,North Dakota,2021-06-28,2021-07-08
695,Part Washer Service for Two (2) Parts Washer Units,Ohio,2021-06-28,2021-07-07
696,Laredo Police Department,Texas,2021-06-28,2021-07-07
697,PVC Fittings,Texas,2021-06-28,2021-07-02
698,Bracket,California,2021-06-28,2021-07-02
699,Multiple Buildings – Small Boiler Replacements,Michigan,2021-06-28,2021-07-14
700,"MOTOR ASM - DOOR, EXIT, AKA DOOR OPERATOR ASSEMBLY, VAPOR 5145605000",California,2021-06-28,2021-07-01
701,Monitor - LCD,California,2021-06-28,2021-07-02
702,Forestry/Bucket Truck,Michigan,2021-06-28,2021-07-01
703,Legal Services for PERA Determination Appeal,Minnesota,2021-06-28,2021-06-29
704,"MECHANISM - ENTRANCE, S-40, COMPLETE",California,2021-06-28,2021-07-01
705,Printing and Mailing of Newsletters,Illinois,2021-06-28,2021-07-14
706,Professional Architectural Services,California,2021-06-28,2021-07-01
707,CHAIN LINK FENCE/Calle del Norte and Springfield - Public Works,Texas,2021-06-28,2021-06-30
708,ARCHITECTURAL SERVICES for COURTHOUSE ANNEX,Texas,2021-06-28,2021-07-08
709,Zero Is Possible T-Shirts,Texas,2021-06-28,2021-06-30
710,Prisoner Meals,Connecticut,2021-06-28,2021-07-14
711,Avenue R Abatement and Demolition of 2 Commercial Buildings,California,2021-06-28,2021-07-27
712,"PARKING LOT AND PATHWAY PAVING PROJECTS AT COUNTY FARM PARK & MLM RECREATION CENTER, PARKS & RECREATION MANDATORY",Michigan,2021-06-28,2021-07-29
713,"Vendor Contract for Rope, Measure and Pull Tape",Wisconsin,2021-06-28,2021-07-08
714,Yuma East Mesa & Desert Air Subdivisions Speed Cushions,Arizona,2021-06-28,2021-07-09
715,Disadvantaged businesses for the City of Dixon Streets 2021-DCEO Funds,Illinois,2021-06-28,2021-06-30
716,Roofing and gutter replacement for a single family home in on North Shore Drive in Crystal Lake,Illinois,2021-06-28,2021-07-06
717,Professional Services Network Infrastructure,Iowa,2021-06-28,2021-07-12
718,Announcement of a Sole Source Purchase,Illinois,2021-06-28,2021-07-14
719,Construction of the addition and renovation of the High School and Junior High School,Illinois,2021-06-28,2021-07-13
720,High Efficiency Pool Heater for the City of Columbia Parks and Recreation Department - Materials Only,Missouri,2021-06-28,2021-07-13
721,Materials for Network Infrastructure upgrade,Iowa,2021-06-28,2021-07-12
722,"HFE - 150 Oil 12,000 GAL",Illinois,2021-06-28,2021-07-13
723,LED LIGHT CONVERSION AT IVANHOE PARK,Illinois,2021-06-28,2021-07-09
724,Purchase five (5) Boat Electrofisher Systems,Texas,2021-06-28,2021-07-13
725,"Pest Control Services for General Household Pests, Rodents & Ants",Florida,2021-06-28,2021-07-13
726,3 Hybrid Trouble Trucks,Tennessee,2021-06-28,2021-07-13
727,"For the work of widening US-95 from MP 471.33 to 471.75 to add both southbound and northbound acceleration lanes, mill & inlay of Lakeshore Dr and bridge approach.",Idaho,2021-06-28,2021-07-13
728,Hawkeye Street Connection,Utah,2021-06-28,2021-07-13
729,RFQ 21-15 QUARTZ CREEK STEEL MANUFACTURER QUALIFICATIONS,Alaska,2021-06-28,2021-07-12
730,2021 Miscellaneous Concrete Repairs,Illinois,2021-06-28,2021-07-13
731,Copy paper,Illinois,2021-06-28,2021-07-13
732,RECS RFP Facility Plan Parking Study Multi Bldgs,Minnesota,2021-06-28,2021-07-28
733,Request For Quote: Emergency Standby Generators,South Carolina,2021-06-28,2021-07-12
734,Easton Street Sidewalk Improvement Project,California,2021-06-28,2021-07-13
735,Alternative Housing Placements,Washington,2021-06-28,2021-07-12
736,Cemetery Road Communication Tower #8406,Illinois,2021-06-28,2021-07-12
737,Meadow Drive Reconstruction,Illinois,2021-06-28,2021-07-12
738,REHAB BID 6977 – 1519 Casimir,Michigan,2021-06-28,2021-07-02
739,"COLLECTION, VERIFICATION, TRACKING & REPORTING OF COVID VACCINATION STATUS OF EMPLOYEES & STUDENTS OF WESTCHESTER COMMUNITY COLLEGE",New York,2021-06-28,2021-07-09
740,"Demolition of 2753, 2771 and 2785 Galilee Avenue",Illinois,2021-06-28,2021-07-07
741,Sod Removal and Installation at Chillura Park,Florida,2021-06-28,2021-07-02
742,Rock Hill Court Water Main Improvements,Illinois,2021-06-28,2021-07-09
743,NORTHWEST FIRST STREET MULTIMODAL ENHANCEMENTS,Florida,2021-06-28,2021-07-26
744,Countywide Bee-Line ParaTransit Traditional services and Technical Enhancements,New York,2021-06-28,2021-08-13
745,MUSIC CURRICULUM (PREK-GRADE 5),North Carolina,2021-06-28,2021-07-09
746,HPE Nimble Security Service Manager (SSM) Maintenance,Florida,2021-06-28,2021-07-02
747,Replace Concrete Platform at Fire Station #2,Michigan,2021-06-28,2021-07-13
748,REHAB BID 6978 – 2909 Tausend,Michigan,2021-06-28,2021-07-02
749,Haines Flooring Project,Illinois,2021-06-28,2021-07-06
750,Online Payment Services,Washington,2021-06-28,2021-07-23
751,Printing of the Allegany State Park Brochure,New York,2021-06-28,2021-07-09
752,2021 Traffic Signal Painting,Illinois,2021-06-28,2021-07-09
753,AUXILIARY SUPPLIES FOR CAMERA INSTALLATIONS,North Carolina,2021-06-28,2021-07-06
754,JANITORIAL,Illinois,2021-06-28,2021-07-08
755,Meter Enclosure Repair,Tennessee,2021-06-28,2021-07-09
756,"Two Complete Pump Assemblies, Part # 058008987for BOMAG-BC772RB Compactor - Serial # 10157053116",New York,2021-06-28,2021-07-08
757,Fuses,Ohio,2021-06-28,2021-07-02
758,Pre-Packaged Meals for Sheriff's Office,Pennsylvania,2021-06-28,2021-07-09
759,Commercial Waste Collection Franchise 2021,Ohio,2021-06-28,2021-07-09
760,OUTDOOR TABLES,North Carolina,2021-06-28,2021-07-06
761,Shoemaker Harbor Boat Grid Electrical Improvements,Alaska,2021-06-28,2021-07-08
762,Exterior Door - Fleet Maintenance Garage,Florida,2021-06-28,2021-07-15
763,Gold Star Mothers Memorial Project,California,2021-06-28,2021-07-14
764,Nottingham WTP stall pumps,Ohio,2021-06-28,2021-07-07
765,International School Boilers' Fuel Oil to Natural Gas Conversion and Misc. Heating System Evaluation and Repairs,Connecticut,2021-06-28,2021-07-21
766,Deadweight Tester,Ohio,2021-06-28,2021-07-02
767,Bread & Buns for the Jr./Sr. High School and Elementary School,Illinois,2021-06-28,Not Stated
768,Fuel and Petroleum for the school vehicles,Illinois,2021-06-28,Not Stated
769,Rental of Floor Mats and Dust Mops,Ohio,2021-06-28,2021-07-02
770,Connectors,Ohio,2021-06-28,2021-07-02
771,Security System Spare Parts,Ohio,2021-06-28,2021-07-02
772,Cloud-Based Electronic Test Order and Result (ETOR) Web Portal,Missouri,2021-06-28,2021-06-30
773,Transformers,Ohio,2021-06-28,2021-07-02
774,Marketing Promotional Services,Ohio,2021-06-28,2021-07-09
775,Occupational Therapist for MDH SETT,Maryland,2021-06-28,2021-07-09
776,UDOT Region 4 Wash Rack installation Various Locations,Utah,2021-06-28,2021-07-08
777,CRYPTOFLOW LICENSING AND SUPPORT,South Carolina,2021-06-28,2021-07-09
778,"Afton Rd., 4000 ft East of Crego Rd from Keslinger Rd to Gurler Rd",Illinois,2021-06-28,2021-07-08
779,Painting of the Frank Campbell Community Center,Illinois,2021-06-28,2021-07-08
780,Frank Campbell Community Center Carpet Replacement,Illinois,2021-06-28,2021-07-08
781,CARPET REPLACEMENT PHA WIDE,Illinois,2021-06-28,2021-07-08
782,West Haven Park Renovation Project,California,2021-06-28,2021-07-26
783,UBMS Summer Program Items,South Carolina,2021-06-28,2021-07-07
784,Full Body X-Ray Phantom,Illinois,2021-06-28,2021-07-06
785,"DISADVANTAGED AND VETERAN OWNED BUSINESSES for Illinois Tollway Project I-21-4582, I-294 Roadway and Bridge Reconstruction Ramp F from South of I-290 to South of St. Charles Road",Illinois,2021-06-28,2021-07-07
786,"City of Marion - Drainage Canals, Outfalls, and Storm Drain Repairs",South Carolina,2021-06-28,2021-07-07
787,Lead and Healthy Homes Professional; City of Waterbury Health Department,Connecticut,2021-06-28,2021-07-26
788,Water Tank Inspections,Connecticut,2021-06-28,2021-07-21
789,Xylophones,Connecticut,2021-06-28,2021-07-06
790,RLDatix System,Mississippi,2021-06-28,2021-07-06
791,Sole Source Notification - Public Health approach reducing youth violence,Washington,2021-06-28,2021-07-05
792,Tennis Court Recoating Project at Harlem High School,Illinois,2021-06-28,2021-07-06
793,Notice to Residential HVAC/Mechanical Contractors,Maryland,2021-06-28,2021-07-02
794,Design/Build services for Indian Ave. Expansion Project,Illinois,2021-06-28,Not Stated
795,Alpine School District Medium Duty Warehouse Truck Bid,Utah,2021-06-28,2021-07-02
796,Maryland Insurance Administration Fiscal Consultant,Maryland,2021-06-28,2021-07-01
797,Purchase of Enviromental Supplies,Texas,2021-06-28,2021-07-01
798,Purchase of WASTE RECEPTACLES,Texas,2021-06-28,2021-07-01
799,Purchase of Welding Equipment and Supplies,Texas,2021-06-28,2021-07-01
800,Typhoon Trailer Jetter for WCI,Maryland,2021-06-28,2021-06-30
801,FWE MOBILE HEATING CABINETS FOR THE WESTERN CORRECTIONAL INSTITUTION,Maryland,2021-06-28,2021-06-30
802,PATH-Eligible Community Based Services,South Carolina,2021-06-28,2021-07-16
803,WINTHROP UNIVERSITY FENCE REPAIRS - REBID,South Carolina,2021-06-28,2021-07-08
804,ADA Upgrades to Controllers Office,Pennsylvania,2021-06-28,2021-07-15
805,Little Miami State Park O'Bannon Bridge Replacement,Ohio,2021-06-28,2021-07-15
806,Lot 1 Municipal Parking Lot Improvements,Pennsylvania,2021-06-28,2021-07-16
807,"PROFESSIONAL APPRAISAL SERVICESWILD BROOK RANCH, LLC",New York,2021-06-28,2021-07-08
808,Notice to Residential Pest Control / Exterminators,Maryland,2021-06-28,2021-07-02
809,Professional Surveying Services,New Jersey,2021-06-28,2021-07-08
810,JTEC-REP 161 KV New Transmission Line,Missouri,2021-06-28,2021-07-15
811,Fax machines,Pennsylvania,2021-06-28,2021-07-09
812,RE-BID OF PIPE AND WATER DEVICE INSULATION INSTALLATION,Texas,2021-06-28,2021-07-09
813,Used Battery Recycling,Missouri,2021-06-28,2021-07-14
814,Electric Typewriter,Pennsylvania,2021-06-28,2021-07-09
815,Furnish and Install Roadway Sheeting Signs D-2,Kentucky,2021-06-28,2021-07-08
816,"Site Maintenance Work at Coolidge-Kennedy School, Eisenhower School, and Madison School",Illinois,2021-06-28,2021-07-08
817,Chromebook and Laptop,Illinois,2021-06-28,2021-07-08
818,"Roadway Data Collection, Data Mgmt., and Fleet Mgmt. Software & Equipment Device Pkg. - Rebid",Arkansas,2021-06-28,2021-07-06
819,Custom Canopy Tents,Pennsylvania,2021-06-28,2021-07-02
820,THREE SEWAGE EJECTOR PUMPS W/MOUNTING SYSTEM,Massachusetts,2021-06-28,2021-07-02
821,HVAC equipment replacement at Warner Elementary School,Tennessee,2021-06-28,2021-07-13
822,2021 NEAR WEST NEIGHBORHOOD RESURFACING PROJECT - VARIOUS LOCATION (IDOT FT SECTION #21-00000-06-GM),Illinois,2021-06-28,2021-07-14
823,2021 Chip and Seal Project,Ohio,2021-06-28,2021-07-14
824,Glenside Boiler Plant Decentralization - Phase 1 RHA-C104,Pennsylvania,2021-06-28,2021-07-14
825,16 X 8 Airboat,California,2021-06-28,2021-07-12
826,Two 2021 New Holland L334EH Tier 4 Final Skid Steer Loaders,Illinois,2021-06-28,2021-07-12
827,Information Technology Adviser,California,2021-06-28,2021-07-13
828,Backup Weather System for Miami-Opa Locka Airport Tower,Florida,2021-06-28,2021-07-09
829,ARCHITECTURAL SERVICES,Oklahoma,2021-06-28,2021-07-13
830,WWTP 2021 Paving,Pennsylvania,2021-06-28,2021-07-13
831,P-6M citations,Wyoming,2021-06-28,2021-07-09
832,Translation Services,California,2021-06-28,2021-07-12
833,PAPER RECYCLING- NEGOTIATED ACQUISITION,New York,2021-06-28,2021-07-09
834,Discount From List for Wheel Chair Lift Parts and Repair Services for Lift U Model,Texas,2021-06-28,2021-07-09
835,Pest Control Services,California,2021-06-28,2021-07-09
836,Roscommon Elementary School Roof Masonry Repair Project,Michigan,2021-06-28,2021-07-12
837,Schuylkill County Airport Road Improvements,Pennsylvania,2021-06-28,2021-07-12
838,Occupational Therapist for MDH Potomac Center,Maryland,2021-06-28,2021-07-09
839,Double Wall Storage Tanks-ESG SPC 5000,Michigan,2021-06-28,2021-07-09
840,"HMA Pavt Repair M-5, I-94to Scotten, City of Detroit, Wayne County",Michigan,2021-06-28,2021-07-09
841,Engineering Services,Tennessee,2021-06-28,2021-07-08
842,Construction Training,South Carolina,2021-06-28,2021-07-09
843,Election Ballot Printing Services,Pennsylvania,2021-06-28,2021-07-08
844,High School Multipurpose Room Addition,New Jersey,2021-06-28,2021-07-09
845,Elevator Traction Machine Replacement Services,California,2021-06-28,2021-07-16
846,BPO for Dependent Audit Services,Texas,2021-06-28,2021-07-08
847,"Demolition 455 Walnut, Elgin, Illinois",Illinois,2021-06-28,2021-07-06
848,Pressure/Vacuum Controller,Texas,2021-06-28,2021-07-02
849,HARTFORD HS / MS / REDWOOD ELEM KITCHEN EQUIPMENT ADDITIONS,Michigan,2021-06-28,2021-07-08
850,KinkiSharyo Rail Items,Texas,2021-06-28,2021-07-08
851,SOFTWARE - RENEWAL- F5 NETWORKS,California,2021-06-28,2021-07-08
852,ANAHIT GEZALIAN / SNSIRM-20213 - RED HAT RENEWAL,California,2021-06-28,2021-07-08
853,Memorial Park Play Ground Relocation Project,Pennsylvania,2021-06-28,2021-07-09
854,Potable Water Hoses,Minnesota,2021-06-28,2021-07-07
855,Yough School District - WWTP Rehabilitation,Pennsylvania,2021-06-28,2021-07-22
856,4403-2021 Code Enforcement Badges,Ohio,2021-06-28,2021-07-07
857,Five Corners Traffic Study,West Virginia,2021-06-28,2021-07-06
858,Fleet - HD Cooling Systems & Radiator Core Replacement,Ohio,2021-06-28,2021-07-02
859,Construction Training,South Carolina,2021-06-28,2021-07-08
860,Furnish & Install Fencing at Cohen Campbell Fishery Center,South Carolina,2021-06-28,2021-07-07
861,DPUW Customer Service F250,Ohio,2021-06-28,2021-07-02
862,Notice to Residential Landscapers,Maryland,2021-06-28,2021-07-02
863,JPWWTP - UPS,Ohio,2021-06-28,2021-07-02
864,Counter Clockwise and Clockwise Jail Door Motors,Texas,2021-06-28,2021-06-30
865,HVAC cleaning and filters,Texas,2021-06-28,2021-06-30
866,Speed Queen Washers and Dryers,Maryland,2021-06-28,2021-06-30
867,Traulsen Roll-In Heated Cabinet with Full Prison Package for the North Branch Correctional Institution,Maryland,2021-06-28,2021-06-30
868,Vinyl Waterproof Flooring,Maryland,2021-06-28,2021-06-30
869,General Architectural Services,Texas,2021-06-28,2021-08-05
870,CMA Dishmachine - Gillie Community Center,Ohio,2021-06-28,2021-07-01
871,LG 50'' TV's & Kanto TV Cart,Ohio,2021-06-28,2021-07-01
872,Sourcewell Roadway Maintenance Equipment (RFP #080521),South Dakota,2021-06-28,2021-08-05
873,WabTec Group Items,Texas,2021-06-28,2021-07-01
874,Infrastructure Analysis & Inspection Services,Virginia,2021-06-28,2021-08-09
875,Web Evaluation and Monitoring Tool,California,2021-06-28,2021-08-03
876,District Instructional Supplies & Equipment,Texas,2021-06-28,2026-06-30
877,"WEIGHTS - ASTM - 1,000 LB AND 1,500 LB - SPECS - QUICK BID",California,2021-06-28,2021-07-01
878,Online Bill Presentment & Payment (OBPP),New Mexico,2021-06-28,2021-08-03
879,Transfer Station Building Repairs,New Hampshire,2021-06-28,2021-08-27
880,BARNEGAT LANE ROAD IMPROVEMENTS,New Jersey,2021-06-28,2021-08-11
881,SUBSTANCE USE DISORDER PREVENTION SERVICES,California,2021-06-28,2021-08-02
882,Integrated Pipeline Project – Section 19 Long Tunnel Crossings,Texas,2021-06-28,2021-09-16
883,FY2021 NJDOT MUNICIPAL AID IMPROVEMENTS TO CEDAR AVENUE & MONMOUTH AVENUE,New Jersey,2021-06-28,2021-08-04
884,Capital Region and Mid-Hudson Region Commuter Bus Service,New York,2021-06-28,2021-09-15
885,Grease Interceptor Replacement - Gracedale Nursing Home,Pennsylvania,2021-06-28,2021-07-01
886,ELECTRICAL DISTRIBUTION ANALYSIS AND TESTING,New Jersey,2021-06-28,2021-08-25
887,2022/2023 Dump Truck 60K GVWR,Georgia,2021-06-28,2021-08-02
888,"T0741 Foods: Entrees, Frozen, Kosher, Halal, Ovo-Lacto Vegetarian for NJ Department of Corrections",New Jersey,2021-06-28,2021-08-03
889,Election Ballot Printing and Mail Processing Services for Absentee & Mail-In Ballots,Pennsylvania,2021-06-28,2021-08-04
890,Social Program Agreement Management System,California,2021-06-28,2021-07-01
891,IROQUOIS COUNTY COMMUNITY MENTAL HEALTH 708 BOARD,Illinois,2021-06-28,2021-08-01
892,NFWB Primary Treatment Polymer,New York,2021-06-28,2021-09-01
893,"THE LEASE OF 9,170 SQ. FT. OF OFFICE SPACE IN DALLAS, TEXAS FOR THE TEXAS DEPARTMENT OF CRIMINAL JUSTICE (TDCJ)",Texas,2021-06-28,2021-08-03
894,Commodity Processing,Tennessee,2021-06-28,2021-07-28
895,Zona Cultural Streets,Texas,2021-06-28,2021-08-20
896,State Government Relations Consultant,Florida,2021-06-28,2021-08-10
897,Career Pathway Training under Title I of the Workforce Innovation and Opportunity Act (WIOA),Illinois,2021-06-28,2021-08-02
898,Various Rail Items,Texas,2021-06-28,2021-07-01
899,Regional Legal Services Metro South and Northeast Regions,Massachusetts,2021-06-28,2021-08-20
900,Federal Government Relations Consultant,Florida,2021-06-28,2021-08-10
901,Child Care Case Management,Texas,2021-06-28,2021-08-31
902,Johnson County Transit Operations & Management Services,Kansas,2021-06-28,2021-08-06
903,Chemicals,Connecticut,2021-06-28,2021-07-13
904,Power Washing Services,Texas,2021-06-28,2021-07-30
905,"ELECTRICAL/GENERAL CONTRACTING SERVICES FOR THETHE SCHOOL OF THE SCHOOL OF MEDICINE BRESSLER RESEARCH BUILDING SUBSTATIONS 4-7 RENEWAL SYSTEM AT UNIVERSITY OF MARYLAND, BALTIMORE",Maryland,2021-06-28,2021-08-09
906,"Gas Scada System Improvements, Phase 3",Arizona,2021-06-28,2021-08-05
907,16th Street Improvement Project,California,2021-06-28,2021-08-12
908,Environmental Lab Consumables (Lab Supplies),Texas,2021-06-28,2021-07-30
909,BELUGA OPERATIONS BUILDING UPGRADE,Alaska,2021-06-28,2021-07-30
910,2021 Asphalt Rejuvenation,Georgia,2021-06-28,2021-08-02
911,MENTAL HEALTH MOBILE APPLICATION PLATFORM,Texas,2021-06-28,2021-07-30
912,Solicitation for Contractors,Texas,2021-06-28,2021-07-31
913,Delegate Agency provider,Illinois,2021-06-28,2021-07-30
914,Misc Stock,Texas,2021-06-28,2021-06-30
915,Continuation of a Ttransitional Youth Early Intervention Probation Program,Massachusetts,2021-06-28,2021-07-30
916,"Railroad Rail and Tie Removal Project on the Berlin Branch Rail Corridor in Littleton, NH",New Hampshire,2021-06-28,2021-07-30
917,INSTALLATION OF MANHOLE TO MANHOLE 15” SEWER LINE LINER SYSTEM,Florida,2021-06-28,2021-07-30
918,"Fire Repairs of the Damaged Unit located at 1856 Reeves Ave., Lorain, OH 44052",Ohio,2021-06-28,2021-07-30
919,Lead Testing in School and Child Care Program,Texas,2021-06-28,2021-07-29
920,Glycol Management Program – Control Facility – Construction,Tennessee,2021-06-28,2021-07-29
921,Utility Billing System for Lake County Public Works Department,Illinois,2021-06-28,2021-08-20
922,"Fire Repairs of the Damaged Unit located at 2207 W. 24th St., Lorain, OH 44052",Ohio,2021-06-28,2021-07-29
923,Architectural Services,New Jersey,2021-06-28,2021-07-29
924,"Implementation of 3rd Party Energy and Water Efficiency and Electrification Programs for Residential, Low-Income, and Multifamily Customers",California,2021-06-28,2021-07-28
925,Marketing of Recyclable Materials,Texas,2021-06-28,2021-07-29
926,Energy Retrofits for Public Buildings – Solar,Washington,2021-06-28,2021-08-19
927,ON-CALL Contractor Services for Water and Sewer,Alabama,2021-06-28,2021-07-29
928,HR Asset Tracking System,California,2021-06-28,2021-07-01
929,Document Cameras for the 2022 school year,Mississippi,2021-06-28,2021-07-29
930,South Hartford Conveyance and Storage Tunnel: Tunnel Pump Station,Connecticut,2021-06-28,2021-09-02
931,N92 BCEC New Vertical Core,Massachusetts,2021-06-28,2021-08-12
932,Replacement of Campbell Ave Bridge,New York,2021-06-28,2021-08-05
933,MUNICIPAL SEPARATE STORM SEWER SYSTEM (MS4) INSPECTIONS,North Carolina,2021-06-28,2021-07-29
934,"BEST LOCKING SYSTEMS MAINTENANCE, REPAIR AND SUPPLIES",Pennsylvania,2021-06-28,2021-08-04
935,"Snook Haven Addition, Phase II",Florida,2021-06-28,2021-07-28
936,New Water Reclamation Facility (WRF) Project Liquid Train 1 – Liquid Train Package 1,Utah,2021-06-28,2021-07-28
937,ONLINE BILL PRESENTMENT AND PAYMENT (OBPP),New Mexico,2021-06-28,2021-08-03
938,GPU Server 06252021,Indiana,2021-06-28,2021-07-02
939,GRANTS MANAGEMENT CONSULTANT,New Jersey,2021-06-28,2021-07-28
940,COLE RD AND COLE RD WEST SIDEWALK FROM DUVAL RD TO WOODLAND DR -PQ-HORIZONTAL- 81,Florida,2021-06-28,2021-07-28
941,Term Contract for Employee Paid Pet Insurance,Florida,2021-06-28,2021-07-28
942,"Repairs of the Damaged Unit located at 121 S. Pleasant St., Oberlin, OH, LMHA's Oberlin Homes (LIHTC)",Ohio,2021-06-28,2021-07-28
943,"FAP No. STBG-3(640)E;SHA No. BC410030;TR10003, Replacement of Bridge No. BC6507 on Phoenix Road over Gunpowder Falls",Maryland,2021-06-28,2021-08-11
944,Harris Court Tank Rehab,Virginia,2021-06-28,2021-07-28
945,Containment Glove Box,Indiana,2021-06-28,2021-07-06
946,Inventory Reconciliation,Maryland,2021-06-28,2021-07-28
947,MSD Radio Repeaters,Kentucky,2021-06-28,2021-08-05
948,Municipal Roadway Construction - Monroe Street,Pennsylvania,2021-06-28,2021-07-05
949,Payroll and HR Technology and Services,Maryland,2021-06-28,2021-07-28
950,NN ADA Compliance Projects,Arizona,2021-06-28,2021-07-30
951,ORLANDO AVENUE TREE PLANTING,Illinois,2021-06-28,2021-07-28
952,Sourcewell Roadway Paving Equipment,South Dakota,2021-06-28,2021-08-12
953,Orlando Avenue Tree Planting,Illinois,2021-06-28,2021-07-28
954,PAINT SUPPLIES,Illinois,2021-06-28,2021-07-28
955,2021 Shade Tree Maintenance Contract,Pennsylvania,2021-06-28,2021-07-06
956,"Rockleigh Property Demolition Project, County of Bergen",New Jersey,2021-06-28,2021-08-10
957,Cancer Screenings for Fire and Medical,Arizona,2021-06-28,2021-07-27
958,Norton Terminal Development & MTCA 3rd Interim Action,Washington,2021-06-28,2021-07-27
959,Charleston Bike Share Program,South Carolina,2021-06-28,2021-08-17
960,San Marino Outfall Trunk Sewer Rehabilitation Phase 2,California,2021-06-28,2021-07-27
961,Roadway Paving Equipment,Minnesota,2021-06-28,2021-08-12
962,Prepaid Debit Cards,New Mexico,2021-06-28,2021-07-27
963,"Food Management Services for EMSH, NMSH and SMSH",Mississippi,2021-06-28,2021-07-27
964,Air handler w/ installation,Texas,2021-06-28,2021-07-27
965,University Student Housing (USH),Pennsylvania,2021-06-28,2021-07-02
966,"Valencia Soil and Water Conservation District (VSWCD) Phase 2 Administrative Offices Belen, New Mexico",New Mexico,2021-06-28,2021-08-29
967,Bus Wheelchair Lift & A/C Preventive Maintenance,Georgia,2021-06-28,2021-07-27
968,Phone system,Washington,2021-06-28,2021-07-09
969,Disinfection Towers,Kentucky,2021-06-28,2021-07-09
970,5202-60 (TH 14=007) State Funds In Nicollet County on TH 14 Approximately 1.0 Miles South of TH 15 New Ulm Spring Roadside Parking Area,Minnesota,2021-06-28,2021-08-19
971,Cross Connection Program Administration,Michigan,2021-06-28,2021-07-27
972,Vehicle Maintenace Facility Sitework,Georgia,2021-06-28,2021-07-27
973,Fraser Shipyards Dry Dock No. 2 Pump Re-Routing,Wisconsin,2021-06-28,2021-07-27
974,airport improvements,Texas,2021-06-28,2021-07-27
975,Reprographics & Document Management Services,California,2021-06-28,2021-07-20
976,The Foxes Stream Restoration,Virginia,2021-06-28,2021-07-27
977,CMAR FOR PRIMA FEE BOOTH RELOCATION AND ENTRANCE IMPROVEMENTS PROJECT,California,2021-06-28,2021-07-27
978,High Service Pump Cans Upgrade,Georgia,2021-06-28,2021-07-27
979,Campus Wide Flooring Contract,South Carolina,2021-06-28,2021-07-20
980,Cross Seminole Trail Phases I & II,Florida,2021-06-28,2021-07-27
981,HOODS CHAPEL ROAD PAVING IMPROVEMENTS,Georgia,2021-06-28,2021-07-27
982,Design Build Services - Renovation of Spring Valley & William B. Armstrong Park,Florida,2021-06-28,2021-07-27
983,"Auto, Property, & Liability Insurance",Texas,2021-06-28,2021-07-27
984,0.75 MG CENTRAL WATER TOWER,Illinois,2021-06-28,2021-07-27
985,PREPAID DEBIT CARDS,New Mexico,2021-06-28,2021-07-27
986,Prepackaged meal Food Service Management for the 2021-2022 school year,Illinois,2021-06-28,2021-07-27
987,Henderson County Courthouse Steps Replacement,Kentucky,2021-06-28,2021-07-27
988,2021 Right-of-Way Accessibility Improvements,Illinois,2021-06-28,2021-07-09
989,RICKENBACKER CAUSEWAY BOND ENGINEERING SERVICES,Florida,2021-06-28,2021-07-26
990,2021-Interpreter and Translation Services,Pennsylvania,2021-06-28,2021-07-14
991,2021-City of Scranton Consulting Engineering Services-General,Pennsylvania,2021-06-28,2021-07-15
992,Victims of Crime Act (VOCA) Services,Missouri,2021-06-28,2021-07-26
993,Surgical Sterilization of Adoptable Pets – Annual Contract,Georgia,2021-06-28,2021-07-26
994,State Revolving Fund Water & Sewer Utility Project,Wisconsin,2021-06-28,2021-07-26
995,Undercarriage Vehicle Inspection Scanner System,Maryland,2021-06-28,2021-07-26
996,EXECUTIVE SEARCH SERVICES FOR BUFFALO & ERIE COUNTY PUBLIC LIBRARY SYSTEM DIRECTOR,New York,2021-06-28,2021-07-26
997,Teaching and Teaching Support Space Renovations,Ohio,2021-06-28,2021-07-26
998,Ariba Discovery,California,2021-06-28,2021-07-26
999,"Property Acquisition, Conversion, Ownership, and Operation of Emergency Shelter and Permanent Supportive Housing",California,2021-06-28,2021-07-23
